ts_code,trade_date,open,high,low,close,pre_close,change,pct_chg,vol,amount
300750.SZ,2024-07-03,177.0,182.5,176.31,179.5,176.08,3.42,1.9423,162053.21,2906473.774
300750.SZ,2024-07-04,180.39,182.99,179.2,179.6,179.5,0.1,0.0557,118346.46,2137596.47
300750.SZ,2024-07-05,181.0,182.49,176.5,177.62,179.6,-1.98,-1.1024,135247.07,2414693.954
300750.SZ,2024-07-08,176.01,178.37,175.01,175.91,177.62,-1.71,-0.9627,108063.97,1907514.42
300750.SZ,2024-07-09,175.3,177.3,173.09,175.77,175.91,-0.14,-0.0796,164439.15,2876833.39
300750.SZ,2024-07-10,175.01,180.09,173.05,173.05,175.77,-2.72,-1.5475,177729.19,3123226.777
300750.SZ,2024-07-11,175.0,178.98,173.49,177.01,173.05,3.96,2.2884,208111.48,3678618.34
300750.SZ,2024-07-12,177.85,181.77,177.0,179.8,177.01,2.79,1.5762,195504.6,3523525.354
300750.SZ,2024-07-15,178.3,179.95,177.11,178.12,179.8,-1.68,-0.9344,114696.96,2041627.402
300750.SZ,2024-07-16,177.5,180.5,177.3,179.3,178.12,1.18,0.6625,151487.37,2710034.963
300750.SZ,2024-07-17,178.0,182.66,175.94,180.89,179.3,1.59,0.8868,185901.41,3346445.646
300750.SZ,2024-07-18,180.0,189.1,179.68,188.35,180.89,7.46,4.1241,319944.01,5957621.426
300750.SZ,2024-07-19,186.35,190.09,186.2,189.44,188.35,1.09,0.5787,208476.31,3929663.335
300750.SZ,2024-07-22,191.19,194.18,187.4,189.52,189.44,0.08,0.0422,171682.52,3259890.053
300750.SZ,2024-07-23,189.01,189.7,186.2,186.2,189.52,-3.32,-1.7518,119031.04,2233862.306
300750.SZ,2024-07-24,186.0,189.09,185.39,186.32,186.2,0.12,0.0644,144681.36,2708577.543
300750.SZ,2024-07-25,186.12,190.73,185.06,187.73,186.32,1.41,0.7568,205958.88,3863507.112
300750.SZ,2024-07-26,190.0,193.3,188.05,189.35,187.73,1.62,0.8629,233477.18,4436931.315
300750.SZ,2024-07-29,187.0,187.0,180.0,184.53,189.35,-4.82,-2.5456,213623.66,3918833.598
300750.SZ,2024-07-30,183.22,185.33,183.22,184.89,184.53,0.36,0.1951,127251.63,2349179.518
300750.SZ,2024-07-31,182.0,186.88,182.0,186.31,184.89,1.42,0.768,198969.4,3690880.179
300750.SZ,2024-08-01,185.0,186.0,180.1,180.3,186.31,-6.01,-3.2258,230126.59,4180640.118
300750.SZ,2024-08-02,179.0,180.0,176.74,177.09,180.3,-3.21,-1.7804,154936.85,2753866.402
300750.SZ,2024-08-05,175.01,180.19,175.0,177.0,177.09,-0.09,-0.0508,193476.59,3451887.572
300750.SZ,2024-08-06,178.41,179.39,173.71,174.95,177.0,-2.05,-1.1582,157687.03,2771240.102
300750.SZ,2024-08-07,174.95,176.23,173.67,173.67,174.95,-1.28,-0.7316,127539.59,2230380.711
300750.SZ,2024-08-08,173.01,173.6,170.12,172.4,173.67,-1.27,-0.7313,146589.96,2520197.34
300750.SZ,2024-08-09,173.6,174.87,170.0,170.0,172.4,-2.4,-1.3921,154129.89,2646422.84
300750.SZ,2024-08-12,170.57,171.12,166.8,169.0,170.0,-1.0,-0.5882,174155.81,2934605.438
300750.SZ,2024-08-13,168.89,174.96,168.38,173.78,169.0,4.78,2.8284,193892.56,3336604.796
300750.SZ,2024-08-14,172.99,174.45,171.72,172.21,173.78,-1.57,-0.9034,99662.85,1720375.362
300750.SZ,2024-08-15,172.0,174.6,171.29,173.4,172.21,1.19,0.691,144812.02,2511442.939
300750.SZ,2024-08-16,173.4,176.0,172.88,173.62,173.4,0.22,0.1269,111506.41,1941327.489
300750.SZ,2024-08-19,173.35,177.94,173.15,175.6,173.62,1.98,1.1404,140358.43,2473581.501
300750.SZ,2024-08-20,175.0,176.0,173.66,174.87,175.6,-0.73,-0.4157,84369.55,1475662.466
300750.SZ,2024-08-21,174.0,175.41,172.0,174.01,174.87,-0.86,-0.4918,111474.05,1940113.038
300750.SZ,2024-08-22,174.98,179.97,174.3,178.8,174.01,4.79,2.7527,199011.36,3536569.764
300750.SZ,2024-08-23,177.0,182.52,177.0,181.8,178.8,3.0,1.6779,184151.76,3332172.741
300750.SZ,2024-08-26,181.9,184.56,181.0,183.92,181.8,2.12,1.1661,148387.49,2717728.514
300750.SZ,2024-08-27,182.52,184.49,181.5,183.5,183.92,-0.42,-0.2284,99769.92,1827225.122
300750.SZ,2024-08-28,182.8,183.69,181.28,182.82,183.5,-0.68,-0.3706,106390.15,1940292.275
300750.SZ,2024-08-29,179.17,182.99,179.17,180.8,182.82,-2.02,-1.1049,156702.42,2839993.927
300750.SZ,2024-08-30,180.8,185.96,180.8,184.34,180.8,3.54,1.958,254291.71,4689604.094
300750.SZ,2024-09-02,184.44,185.59,181.0,181.19,184.34,-3.15,-1.7088,129851.76,2371406.002
300750.SZ,2024-09-03,180.3,186.7,180.02,185.65,181.19,4.46,2.4615,181968.86,3362146.073
300750.SZ,2024-09-04,185.32,189.0,184.85,187.15,185.65,1.5,0.808,165645.24,3101382.415
300750.SZ,2024-09-05,187.15,189.55,185.8,186.8,187.15,-0.35,-0.187,123182.15,2302962.597
300750.SZ,2024-09-06,186.12,188.5,185.4,185.95,186.8,-0.85,-0.455,75254.86,1404159.125
300750.SZ,2024-09-09,185.11,188.66,183.47,185.15,185.95,-0.8,-0.4302,134753.55,2494206.446
300750.SZ,2024-09-10,185.5,185.5,181.05,181.16,185.15,-3.99,-2.155,154244.13,2809100.737
300750.SZ,2024-09-11,182.4,187.78,181.16,186.56,181.16,5.4,2.9808,211970.83,3938430.663
300750.SZ,2024-09-12,188.0,192.16,186.71,189.35,186.56,2.79,1.4955,207099.86,3931885.573
300750.SZ,2024-09-13,188.88,188.88,183.5,183.5,189.35,-5.85,-3.0895,172872.88,3202147.524
300750.SZ,2024-09-18,183.6,187.43,183.29,186.4,183.5,2.9,1.5804,113778.95,2116044.596
300750.SZ,2024-09-19,187.0,188.22,183.6,186.9,186.4,0.5,0.2682,157694.09,2940618.897
300750.SZ,2024-09-20,186.9,187.9,183.68,185.6,186.9,-1.3,-0.6956,155027.03,2874252.972
300750.SZ,2024-09-23,186.66,189.43,185.5,188.2,185.6,2.6,1.4009,157925.49,2968348.168
300750.SZ,2024-09-24,191.96,198.17,188.89,197.52,188.2,9.32,4.9522,354517.35,6891613.102
300750.SZ,2024-09-25,207.39,207.4,202.59,203.1,197.52,5.58,2.825,420101.19,8606648.806
300750.SZ,2024-09-26,203.7,207.33,198.93,205.51,203.1,2.41,1.1866,354893.46,7190132.217
300750.SZ,2024-09-27,212.0,231.68,211.67,226.81,205.51,21.3,10.3645,701813.26,15567947.397
300750.SZ,2024-09-30,233.02,255.0,232.0,251.89,226.81,25.08,11.0577,913611.45,22246725.636
300750.SZ,2024-10-08,296.0,301.5,267.66,299.0,251.89,47.11,18.7026,1376464.79,39285155.658
300750.SZ,2024-10-09,279.9,279.99,255.0,255.0,299.0,-44.0,-14.7157,1086915.94,29017394.645
300750.SZ,2024-10-10,255.0,265.99,250.16,258.0,255.0,3.0,1.1765,608338.33,15786972.611
300750.SZ,2024-10-11,255.5,255.5,237.93,241.79,258.0,-16.21,-6.2829,476402.3,11668275.358
300750.SZ,2024-10-14,249.99,252.8,244.94,249.72,241.79,7.93,3.2797,467598.63,11671765.786
300750.SZ,2024-10-15,249.81,250.84,241.13,241.22,249.72,-8.5,-3.4038,327653.34,8057930.637
300750.SZ,2024-10-16,238.82,238.82,233.33,233.85,241.22,-7.37,-3.0553,335859.54,7918107.276
300750.SZ,2024-10-17,234.0,238.88,230.86,231.5,233.85,-2.35,-1.0049,261646.72,6135626.737
300750.SZ,2024-10-18,230.0,258.88,229.6,249.89,231.5,18.39,7.9438,680137.87,16734812.13
300750.SZ,2024-10-21,259.0,262.53,251.75,253.36,249.89,3.47,1.3886,584558.09,14972853.36
300750.SZ,2024-10-22,254.0,254.56,247.26,250.55,253.36,-2.81,-1.1091,278760.33,6986426.719
300750.SZ,2024-10-23,247.81,254.94,246.86,249.3,250.55,-1.25,-0.4989,321541.22,8076690.148
300750.SZ,2024-10-24,249.77,251.5,245.0,246.16,249.3,-3.14,-1.2595,214657.9,5297733.386
300750.SZ,2024-10-25,252.34,265.0,246.3,258.88,246.16,12.72,5.1674,578985.51,14887536.978
300750.SZ,2024-10-28,256.13,258.61,253.0,256.24,258.88,-2.64,-1.0198,276019.35,7053002.72
300750.SZ,2024-10-29,256.24,257.71,251.24,251.78,256.24,-4.46,-1.7406,269948.08,6853075.171
300750.SZ,2024-10-30,250.0,252.3,244.5,248.03,251.78,-3.75,-1.4894,271343.74,6734690.047
300750.SZ,2024-10-31,246.99,250.5,244.0,245.98,248.03,-2.05,-0.8265,255002.79,6286268.643
300750.SZ,2024-11-01,246.53,249.82,245.18,246.2,245.98,0.22,0.0894,259158.29,6418140.473
300750.SZ,2024-11-04,244.0,254.3,244.0,251.2,246.2,5.0,2.0309,242472.22,6074686.403
300750.SZ,2024-11-05,250.58,262.82,249.13,261.39,251.2,10.19,4.0565,484820.94,12547431.635
300750.SZ,2024-11-06,258.99,269.5,253.5,256.5,261.39,-4.89,-1.8708,452393.1,11840068.81
300750.SZ,2024-11-07,258.0,262.8,253.88,262.8,256.5,6.3,2.4561,335710.27,8698717.049
300750.SZ,2024-11-08,269.66,272.0,257.1,257.5,262.8,-5.3,-2.0167,402941.27,10612727.375
300750.SZ,2024-11-11,252.35,268.99,251.01,267.5,257.5,10.0,3.8835,491539.07,12844920.272
300750.SZ,2024-11-12,278.28,285.2,270.98,273.02,267.5,5.52,2.0636,744030.08,20764206.51
300750.SZ,2024-11-13,269.0,288.2,266.77,282.0,273.02,8.98,3.2891,557736.88,15410247.018
300750.SZ,2024-11-14,283.0,284.99,274.66,275.0,282.0,-7.0,-2.4823,426572.1,11940874.424
300750.SZ,2024-11-15,269.5,275.0,265.56,265.56,275.0,-9.44,-3.4327,351983.17,9488134.618
300750.SZ,2024-11-18,265.56,270.95,261.0,262.92,265.56,-2.64,-0.9941,306500.1,8135717.136
300750.SZ,2024-11-19,262.02,272.0,258.0,268.72,262.92,5.8,2.206,348128.87,9211079.121
300750.SZ,2024-11-20,266.95,269.9,264.6,267.55,268.72,-1.17,-0.4354,227087.78,6060616.029
300750.SZ,2024-11-21,265.66,271.43,263.66,268.26,267.55,0.71,0.2654,205508.27,5510533.65
300750.SZ,2024-11-22,267.93,269.0,258.88,259.1,268.26,-9.16,-3.4146,225551.01,5937579.845
300750.SZ,2024-11-25,263.06,266.56,261.18,264.1,259.1,5.0,1.9298,262390.71,6923644.963
300750.SZ,2024-11-26,261.57,263.97,255.66,256.72,264.1,-7.38,-2.7944,273604.05,7076484.876
300750.SZ,2024-11-27,254.7,260.9,251.47,259.9,256.72,3.18,1.2387,274006.65,7033615.362
300750.SZ,2024-11-28,259.2,259.53,253.5,254.7,259.9,-5.2,-2.0008,223555.98,5728197.56
300750.SZ,2024-11-29,251.23,267.99,251.23,261.24,254.7,6.54,2.5677,313662.72,8192074.188
300750.SZ,2024-12-02,258.64,263.55,257.21,262.19,261.24,0.95,0.3637,206475.47,5387882.834
300750.SZ,2024-12-03,261.0,262.99,259.0,261.84,262.19,-0.35,-0.1335,173107.89,4514867.562
300750.SZ,2024-12-04,260.0,262.0,257.5,258.97,261.84,-2.87,-1.0961,161813.95,4186965.339
300750.SZ,2024-12-05,257.99,258.95,255.01,256.0,258.97,-2.97,-1.1469,160215.8,4109014.222
300750.SZ,2024-12-06,256.0,269.9,255.0,266.55,256.0,10.55,4.1211,330381.36,8719647.874
300750.SZ,2024-12-09,266.99,269.66,264.41,268.05,266.55,1.5,0.5627,224560.9,6005103.479
300750.SZ,2024-12-10,281.28,281.5,269.33,270.57,268.05,2.52,0.9401,329044.36,9035442.04
300750.SZ,2024-12-11,273.96,279.5,266.52,267.1,270.57,-3.47,-1.2825,194008.21,5262014.872
300750.SZ,2024-12-12,265.9,275.38,265.2,273.71,267.1,6.61,2.4747,223295.14,6055502.392
300750.SZ,2024-12-13,269.88,272.0,266.0,267.03,273.71,-6.68,-2.4405,283164.41,7596460.115
300750.SZ,2024-12-16,266.22,269.5,264.05,267.2,267.03,0.17,0.0637,162575.08,4333963.457
300750.SZ,2024-12-17,267.0,278.0,266.54,273.8,267.2,6.6,2.4701,282146.1,7746201.691
300750.SZ,2024-12-18,274.31,274.73,270.31,271.41,273.8,-2.39,-0.8729,150853.29,4110472.403
300750.SZ,2024-12-19,269.26,272.35,266.62,269.79,271.41,-1.62,-0.5969,153460.18,4137668.599
300750.SZ,2024-12-20,269.79,270.8,260.32,262.71,269.79,-7.08,-2.6243,277400.98,7313368.051
300750.SZ,2024-12-23,262.71,268.88,262.71,263.5,262.71,0.79,0.3007,206393.83,5482614.221
300750.SZ,2024-12-24,263.0,268.25,263.0,268.23,263.5,4.73,1.7951,196153.52,5229920.632
300750.SZ,2024-12-25,268.91,270.91,266.26,267.97,268.23,-0.26,-0.0969,114138.1,3058526.68
300750.SZ,2024-12-26,267.2,267.2,261.0,261.25,267.97,-6.72,-2.5077,224437.62,5898437.344
300750.SZ,2024-12-27,260.57,263.42,255.0,262.0,261.25,0.75,0.2871,243519.18,6338085.457
300750.SZ,2024-12-30,260.88,267.5,260.51,266.58,262.0,4.58,1.7481,226313.52,6013633.017
300750.SZ,2024-12-31,265.09,270.5,265.09,266.0,266.58,-0.58,-0.2176,249339.52,6694555.731
300750.SZ,2025-01-02,266.25,266.3,257.0,258.78,266.0,-7.22,-2.7143,233545.76,6090661.831
300750.SZ,2025-01-03,258.78,263.0,257.21,257.63,258.78,-1.15,-0.4444,185237.58,4812148.522
300750.SZ,2025-01-06,258.0,260.0,253.0,256.75,257.63,-0.88,-0.3416,172890.77,4433101.113
300750.SZ,2025-01-07,243.0,252.0,241.08,249.45,256.75,-7.3,-2.8432,401035.99,9934923.664
300750.SZ,2025-01-08,245.99,248.31,243.32,245.34,249.45,-4.11,-1.6476,271857.52,6681628.785
300750.SZ,2025-01-09,241.35,250.25,241.16,247.33,245.34,1.99,0.8111,169328.78,4168600.176
300750.SZ,2025-01-10,246.5,249.95,244.68,246.0,247.33,-1.33,-0.5377,147294.33,3643092.329
300750.SZ,2025-01-13,243.5,250.0,242.0,246.91,246.0,0.91,0.3699,180922.26,4467775.091
300750.SZ,2025-01-14,247.71,257.0,245.21,256.2,246.91,9.29,3.7625,202467.34,5108567.635
300750.SZ,2025-01-15,256.2,256.4,249.67,250.87,256.2,-5.33,-2.0804,150626.65,3798504.6
300750.SZ,2025-01-16,252.0,254.6,248.26,249.93,250.87,-0.94,-0.3747,161883.78,4056598.314
300750.SZ,2025-01-17,248.5,253.5,248.08,251.5,249.93,1.57,0.6282,111066.0,2786220.135
300750.SZ,2025-01-20,256.5,267.61,256.31,265.52,251.5,14.02,5.5746,342834.97,9048642.227
300750.SZ,2025-01-21,268.5,268.76,263.22,264.18,265.52,-1.34,-0.5047,138933.06,3681448.144
300750.SZ,2025-01-22,262.0,264.9,254.21,258.0,264.18,-6.18,-2.3393,250407.37,6440345.376
300750.SZ,2025-01-23,259.85,262.5,256.98,257.5,258.0,-0.5,-0.1938,165536.88,4291744.662
300750.SZ,2025-01-24,256.01,264.78,256.01,260.62,256.27,4.35,1.6974,224397.96,5876198.26
300750.SZ,2025-01-27,260.63,262.97,257.0,257.0,260.62,-3.62,-1.389,171026.37,4460049.869
300750.SZ,2025-02-05,260.0,262.0,251.05,252.12,257.0,-4.88,-1.8988,240481.4,6141794.779
300750.SZ,2025-02-06,251.0,253.49,249.2,253.1,252.12,0.98,0.3887,248961.01,6261792.98
300750.SZ,2025-02-07,257.0,262.56,251.62,261.28,253.1,8.18,3.2319,344412.54,8922582.684
300750.SZ,2025-02-10,261.28,261.47,255.18,258.45,261.28,-2.83,-1.0831,229267.1,5928297.101
300750.SZ,2025-02-11,260.44,260.5,251.06,251.8,258.45,-6.65,-2.573,247919.8,6268157.35
300750.SZ,2025-02-12,250.01,256.0,247.08,255.3,251.8,3.5,1.39,273822.14,6902713.445
300750.SZ,2025-02-13,255.99,263.99,255.1,261.39,255.3,6.09,2.3854,375349.67,9803005.761
300750.SZ,2025-02-14,261.53,273.0,261.53,269.71,261.39,8.32,3.183,387800.3,10409880.413
300750.SZ,2025-02-17,274.9,274.9,266.02,269.4,269.71,-0.31,-0.1149,241829.6,6513084.026
300750.SZ,2025-02-18,272.96,275.5,269.0,270.77,269.4,1.37,0.5085,238457.55,6497674.093
300750.SZ,2025-02-19,268.57,276.0,268.55,273.55,270.77,2.78,1.0267,204455.39,5580141.096
300750.SZ,2025-02-20,272.8,272.8,267.0,270.2,273.55,-3.35,-1.2246,195890.01,5267400.819
300750.SZ,2025-02-21,268.58,276.88,267.78,275.55,270.2,5.35,1.98,309519.06,8443562.273
300750.SZ,2025-02-24,273.01,274.7,268.16,271.5,275.55,-4.05,-1.4698,277537.62,7510840.228
300750.SZ,2025-02-25,267.48,274.0,264.51,269.48,271.5,-2.02,-0.744,232093.75,6243748.571
300750.SZ,2025-02-26,271.45,272.88,267.18,268.62,269.48,-0.86,-0.3191,211730.74,5698649.75
300750.SZ,2025-02-27,270.27,271.7,267.67,270.0,268.62,1.38,0.5137,231851.1,6250587.95
300750.SZ,2025-02-28,269.6,271.31,263.61,264.3,270.0,-5.7,-2.1111,222654.58,5935077.345
300750.SZ,2025-03-03,265.0,279.3,262.24,273.53,264.3,9.23,3.4922,387364.03,10603328.988
300750.SZ,2025-03-04,270.0,271.0,262.73,263.0,273.53,-10.53,-3.8497,268365.42,7115460.892
300750.SZ,2025-03-05,263.0,263.89,258.5,260.99,263.0,-2.01,-0.7643,208696.1,5438997.026
300750.SZ,2025-03-06,262.25,265.53,261.0,264.31,260.99,3.32,1.2721,250273.21,6601078.272
300750.SZ,2025-03-07,262.96,263.58,258.68,260.76,264.31,-3.55,-1.3431,222871.08,5812794.649
300750.SZ,2025-03-10,261.8,261.86,253.61,256.5,260.76,-4.26,-1.6337,286750.74,7355227.161
300750.SZ,2025-03-11,253.07,255.5,253.05,255.2,256.5,-1.3,-0.5068,171350.77,4355529.583
300750.SZ,2025-03-12,256.01,256.62,251.49,254.5,255.2,-0.7,-0.2743,199146.9,5058919.204
300750.SZ,2025-03-13,254.0,259.2,253.0,253.22,254.5,-1.28,-0.5029,168851.5,4316530.459
300750.SZ,2025-03-14,253.0,264.85,252.65,262.0,253.22,8.78,3.4673,351089.35,9148092.797
300750.SZ,2025-03-17,263.1,265.47,255.74,256.0,262.0,-6.0,-2.2901,335154.86,8685706.367
300750.SZ,2025-03-18,258.0,260.78,255.5,257.0,256.0,1.0,0.3906,225767.32,5817534.421
300750.SZ,2025-03-19,257.2,266.97,256.78,265.39,257.0,8.39,3.2646,369541.2,9737109.379
300750.SZ,2025-03-20,265.39,266.5,261.02,262.15,265.39,-3.24,-1.2208,144246.53,3794188.02
300750.SZ,2025-03-21,262.68,264.53,255.67,256.0,262.15,-6.15,-2.346,194320.06,5026360.932
300750.SZ,2025-03-24,257.7,258.98,256.28,258.16,256.0,2.16,0.8438,167302.17,4311680.873
300750.SZ,2025-03-25,257.71,260.0,255.29,259.48,258.16,1.32,0.5113,127857.78,3303477.32
300750.SZ,2025-03-26,259.4,262.7,256.7,256.92,259.48,-2.56,-0.9866,129046.26,3336108.308
300750.SZ,2025-03-27,256.19,262.8,254.25,258.88,256.92,1.96,0.7629,141792.06,3675726.42
300750.SZ,2025-03-28,256.11,258.88,255.8,256.8,258.88,-2.08,-0.8035,112420.68,2888588.258
300750.SZ,2025-03-31,256.06,257.98,252.12,252.94,256.8,-3.86,-1.5031,194633.55,4951863.266
300750.SZ,2025-04-01,252.94,254.5,248.58,249.06,252.94,-3.88,-1.534,194162.08,4862442.756
300750.SZ,2025-04-02,250.2,252.46,247.56,249.14,249.06,0.08,0.0321,137321.12,3433096.886
300750.SZ,2025-04-03,245.0,247.7,242.55,243.08,249.14,-6.06,-2.4324,232816.39,5693962.717
300750.SZ,2025-04-07,226.09,230.0,209.11,215.22,243.08,-27.86,-11.4612,723645.82,15811389.636
300750.SZ,2025-04-08,219.95,225.0,216.4,219.05,215.22,3.83,1.7796,476594.21,10471952.816
300750.SZ,2025-04-09,212.92,218.75,210.09,211.39,219.05,-7.66,-3.4969,536023.39,11459705.354
300750.SZ,2025-04-10,221.0,222.79,215.46,217.98,211.39,6.59,3.1175,372741.19,8168675.412
300750.SZ,2025-04-11,216.0,225.55,214.7,224.0,217.98,6.02,2.7617,302991.15,6696905.325
300750.SZ,2025-04-14,227.15,228.0,222.68,224.0,224.0,0.0,0.0,206965.04,4642121.045
300750.SZ,2025-04-15,226.0,230.45,225.12,228.15,224.0,4.15,1.8527,266865.42,6087451.73
300750.SZ,2025-04-16,227.0,227.18,221.55,224.89,228.15,-3.26,-1.4289,216550.96,4838764.472
300750.SZ,2025-04-17,223.0,227.33,222.22,226.0,224.89,1.11,0.4936,157376.59,3551280.611
300750.SZ,2025-04-18,225.21,226.5,223.66,225.46,226.0,-0.54,-0.2389,115127.94,2588857.715
300750.SZ,2025-04-21,225.46,235.0,224.18,231.36,225.46,5.9,2.6169,220081.91,5088523.082
300750.SZ,2025-04-22,230.0,231.16,227.2,230.69,226.82,3.87,1.7062,169354.23,3885729.764
300750.SZ,2025-04-23,235.0,238.75,233.0,233.35,230.69,2.66,1.1531,191979.8,4507058.716
300750.SZ,2025-04-24,234.5,238.66,232.25,236.87,233.35,3.52,1.5085,181554.39,4297351.278
300750.SZ,2025-04-25,237.2,237.92,235.09,236.6,236.87,-0.27,-0.114,127619.89,3016796.565
300750.SZ,2025-04-28,238.25,238.26,233.2,234.85,236.6,-1.75,-0.7396,143124.32,3357178.149
300750.SZ,2025-04-29,234.0,234.8,230.72,232.03,234.85,-2.82,-1.2008,167424.35,3892978.724
300750.SZ,2025-04-30,233.05,234.38,231.5,231.5,232.03,-0.53,-0.2284,156328.35,3635403.837
300750.SZ,2025-05-06,233.91,236.3,231.2,231.63,231.5,0.13,0.0562,196876.79,4591289.27
300750.SZ,2025-05-07,236.45,240.88,236.08,238.61,231.63,6.98,3.0134,312809.85,7444719.327
300750.SZ,2025-05-08,239.49,248.68,237.98,244.57,238.61,5.96,2.4978,312856.4,7666995.082
300750.SZ,2025-05-09,246.07,249.77,244.65,248.27,244.57,3.7,1.5129,236933.17,5858468.264
300750.SZ,2025-05-12,255.0,257.99,253.0,257.0,248.27,8.73,3.5163,302315.06,7731591.601
300750.SZ,2025-05-13,262.0,262.0,255.02,258.77,257.0,1.77,0.6887,204805.91,5281511.475
300750.SZ,2025-05-14,258.77,264.46,256.01,262.6,258.77,3.83,1.4801,231463.07,6020688.165
300750.SZ,2025-05-15,262.62,262.87,259.6,260.18,262.6,-2.42,-0.9216,141118.93,3685574.614
300750.SZ,2025-05-16,259.14,261.73,257.73,259.36,260.18,-0.82,-0.3152,189000.58,4904611.048
300750.SZ,2025-05-19,260.5,260.54,257.27,260.0,259.36,0.64,0.2468,169740.17,4399897.903
300750.SZ,2025-05-20,264.44,265.5,255.2,263.0,260.0,3.0,1.1538,346423.64,9053425.367
300750.SZ,2025-05-21,266.99,279.99,265.8,274.08,263.0,11.08,4.2129,565245.17,15470587.405
300750.SZ,2025-05-22,277.8,277.94,268.27,270.37,274.08,-3.71,-1.3536,276081.18,7470701.467
300750.SZ,2025-05-23,271.01,274.0,266.95,266.99,270.37,-3.38,-1.2501,230003.52,6218224.097
300750.SZ,2025-05-26,265.0,266.38,252.9,255.9,266.99,-11.09,-4.1537,330122.15,8477228.63
300750.SZ,2025-05-27,255.89,257.21,252.39,253.99,255.9,-1.91,-0.7464,176679.95,4491281.266
300750.SZ,2025-05-28,255.61,258.27,253.32,253.6,253.99,-0.39,-0.1535,154562.65,3946773.465
300750.SZ,2025-05-29,253.0,253.98,249.0,251.85,253.6,-1.75,-0.6901,217882.85,5487937.548
300750.SZ,2025-05-30,250.9,252.65,247.47,250.0,251.85,-1.85,-0.7346,204337.47,5107325.148
300750.SZ,2025-06-03,252.0,253.9,250.44,251.15,250.0,1.15,0.46,158411.66,3989341.996
300750.SZ,2025-06-04,252.5,253.6,250.7,251.05,251.15,-0.1,-0.0398,130401.95,3285855.859
300750.SZ,2025-06-05,251.36,252.44,248.27,251.5,251.05,0.45,0.1792,135258.51,3386751.735
300750.SZ,2025-06-06,252.0,253.33,248.5,248.88,251.5,-2.62,-1.0417,165514.74,4138221.07
300750.SZ,2025-06-09,248.88,250.88,245.5,245.58,248.88,-3.3,-1.3259,185497.57,4593124.638
300750.SZ,2025-06-10,245.0,246.86,242.22,243.14,245.58,-2.44,-0.9936,139324.59,3406606.343
300750.SZ,2025-06-11,246.09,252.44,244.8,250.5,243.14,7.36,3.0271,279934.04,7006354.613
300750.SZ,2025-06-12,252.0,252.5,248.77,249.81,250.5,-0.69,-0.2754,175696.17,4386403.721
300750.SZ,2025-06-13,248.1,250.41,246.37,248.2,249.81,-1.61,-0.6445,174032.45,4322411.796
300750.SZ,2025-06-16,248.0,248.7,245.8,246.66,248.2,-1.54,-0.6205,122175.71,3013514.215
300750.SZ,2025-06-17,246.96,248.43,245.22,246.26,246.66,-0.4,-0.1622,97650.24,2407928.75
300750.SZ,2025-06-18,246.98,249.58,245.57,245.57,246.26,-0.69,-0.2802,104605.61,2586543.839
300750.SZ,2025-06-19,245.3,246.16,241.6,242.1,245.57,-3.47,-1.413,147984.56,3604508.604
300750.SZ,2025-06-20,241.06,243.12,239.5,240.26,242.1,-1.84,-0.76,136883.4,3293985.957
300750.SZ,2025-06-23,239.3,240.6,238.03,239.61,240.26,-0.65,-0.2705,127099.27,3040680.713
300750.SZ,2025-06-24,240.58,248.08,240.58,245.92,239.61,6.31,2.6334,235010.81,5767361.454
300750.SZ,2025-06-25,246.5,255.88,246.0,254.9,245.92,8.98,3.6516,315377.23,7930320.892
300750.SZ,2025-06-26,255.88,256.29,252.36,252.79,254.9,-2.11,-0.8278,199145.3,5062386.537
300750.SZ,2025-06-27,256.5,257.45,250.11,250.99,252.79,-1.8,-0.7121,236200.67,5985026.676
300750.SZ,2025-06-30,251.5,253.5,249.7,252.22,250.99,1.23,0.4901,176233.7,4434817.078
300750.SZ,2025-07-01,252.5,252.74,249.88,251.5,252.22,-0.72,-0.2855,95322.58,2395104.336
300750.SZ,2025-07-02,251.5,252.01,249.19,250.45,251.5,-1.05,-0.4175,115713.74,2897311.834
300750.SZ,2025-07-03,251.47,263.21,250.59,262.59,250.45,12.14,4.8473,338037.47,8746803.693
300750.SZ,2025-07-04,265.01,269.98,260.98,265.8,262.59,3.21,1.2224,272060.13,7214227.943
300750.SZ,2025-07-07,265.8,268.88,258.88,260.89,265.8,-4.91,-1.8473,174664.98,4568972.965
300750.SZ,2025-07-08,260.7,265.9,259.82,263.31,260.89,2.42,0.9276,155922.92,4104293.094
300750.SZ,2025-07-09,262.2,274.46,262.1,270.8,263.31,7.49,2.8446,293883.71,7948423.739
300750.SZ,2025-07-10,274.99,274.99,268.5,272.0,270.8,1.2,0.4431,242393.49,6594201.202
300750.SZ,2025-07-11,271.5,274.0,270.1,271.5,272.0,-0.5,-0.1838,213281.53,5798544.034
300750.SZ,2025-07-14,271.0,271.32,266.1,268.5,271.5,-3.0,-1.105,149788.84,4013693.003
300750.SZ,2025-07-15,268.5,272.5,266.0,267.75,268.5,-0.75,-0.2793,169526.49,4553827.628
300750.SZ,2025-07-16,268.5,268.7,263.04,264.4,267.75,-3.35,-1.2512,156264.79,4135841.242
300750.SZ,2025-07-17,265.37,267.75,264.36,265.5,264.4,1.1,0.416,145110.17,3852746.251
300750.SZ,2025-07-18,268.7,272.45,265.8,271.2,265.5,5.7,2.1469,221865.58,5981601.235
300750.SZ,2025-07-21,277.0,282.0,273.55,279.66,271.2,8.46,3.1195,324862.75,9047295.149
300750.SZ,2025-07-22,280.0,290.0,279.18,286.66,279.66,7.0,2.503,333090.29,9468912.161
300750.SZ,2025-07-23,288.16,290.75,286.59,287.02,286.66,0.36,0.1256,200189.74,5772653.126
300750.SZ,2025-07-24,289.0,289.2,282.91,285.2,287.02,-1.82,-0.6341,223891.14,6394082.072
300750.SZ,2025-07-25,285.2,285.2,281.75,282.8,285.2,-2.4,-0.8415,134326.01,3802835.26
300750.SZ,2025-07-28,283.02,289.09,281.3,286.3,282.8,3.5,1.2376,238973.36,6830867.029
300750.SZ,2025-07-29,286.7,292.0,286.68,291.82,286.3,5.52,1.928,233945.55,6785427.583
300750.SZ,2025-07-30,292.2,292.2,276.36,277.09,291.82,-14.73,-5.0476,415943.01,11712764.593
300750.SZ,2025-07-31,280.8,281.98,264.62,264.62,277.09,-12.47,-4.5003,447103.55,12088514.551
300750.SZ,2025-08-01,264.8,266.6,262.75,263.07,264.62,-1.55,-0.5857,252500.02,6682814.646
300750.SZ,2025-08-04,263.0,268.0,261.7,266.48,263.07,3.41,1.2962,237681.68,6286238.371
300750.SZ,2025-08-05,267.5,269.0,263.5,265.7,266.48,-0.78,-0.2927,219760.4,5844478.67
300750.SZ,2025-08-06,265.22,266.9,263.23,265.0,265.7,-0.7,-0.2635,153233.11,4058482.396
300750.SZ,2025-08-07,265.0,266.49,262.2,263.05,265.0,-1.95,-0.7358,165481.04,4363462.114
300750.SZ,2025-08-08,264.0,266.16,262.01,263.48,263.05,0.43,0.1635,174282.16,4604736.203
300750.SZ,2025-08-11,263.48,266.15,262.5,263.66,263.48,0.18,0.0683,213308.76,5627553.11
300750.SZ,2025-08-12,263.5,265.18,257.72,263.25,263.66,-0.41,-0.1555,222407.39,5829140.856
300750.SZ,2025-08-13,264.77,275.0,264.51,273.6,263.25,10.35,3.9316,394667.69,10661084.797
300750.SZ,2025-08-14,276.89,282.0,274.48,279.89,273.6,6.29,2.299,371707.57,10378442.059
300750.SZ,2025-08-15,278.38,282.3,276.1,280.67,279.89,0.78,0.2787,241091.69,6735591.187
300750.SZ,2025-08-18,280.67,285.48,278.02,283.0,280.67,2.33,0.8302,285287.93,8056186.542
300750.SZ,2025-08-19,283.0,284.0,276.22,277.8,283.0,-5.2,-1.8375,244285.85,6816442.573
300750.SZ,2025-08-20,277.5,279.99,272.05,279.2,276.8,2.4,0.8671,233534.92,6414344.337
300750.SZ,2025-08-21,279.27,281.8,278.0,279.0,279.2,-0.2,-0.0716,182698.14,5103914.721
300750.SZ,2025-08-22,278.93,289.35,278.6,287.18,279.0,8.18,2.9319,264218.51,7543698.628
300750.SZ,2025-08-25,290.0,293.88,286.78,290.28,287.18,3.1,1.0795,312297.2,9046692.965
300750.SZ,2025-08-26,287.02,290.99,285.58,289.5,290.28,-0.78,-0.2687,230244.62,6648848.315
300750.SZ,2025-08-27,289.0,289.54,278.19,278.3,289.5,-11.2,-3.8687,382584.29,10859010.3
300750.SZ,2025-08-28,276.06,278.99,272.72,277.41,278.3,-0.89,-0.3198,304664.01,8407974.991
300750.SZ,2025-08-29,278.31,316.66,277.95,306.18,277.41,28.77,10.3709,780138.92,23482893.637
300750.SZ,2025-09-01,306.5,306.9,299.3,304.0,306.18,-2.18,-0.712,429964.21,13012795.663
300750.SZ,2025-09-02,304.03,311.1,299.03,302.87,304.0,-1.13,-0.3717,371168.89,11289093.083
300750.SZ,2025-09-03,303.5,311.65,303.03,309.0,302.87,6.13,2.024,508974.73,15640548.986
300750.SZ,2025-09-04,313.47,323.33,300.63,304.03,309.0,-4.97,-1.6084,657547.54,20442631.453
300750.SZ,2025-09-05,299.9,325.11,299.82,325.11,304.03,21.08,6.9335,708197.79,22440211.716
300750.SZ,2025-09-08,334.0,337.65,323.5,325.37,325.11,0.26,0.08,588345.78,19349632.049
300750.SZ,2025-09-09,322.8,334.58,317.16,320.0,325.37,-5.37,-1.6504,434023.97,14085497.658
300750.SZ,2025-09-10,317.99,322.0,313.0,316.04,320.0,-3.96,-1.2375,367526.83,11649703.595
300750.SZ,2025-09-11,315.55,322.98,309.04,322.55,316.04,6.51,2.0599,380344.6,12060756.827
300750.SZ,2025-09-12,325.9,329.9,322.2,325.0,322.55,2.45,0.7596,338713.16,11031032.653
300750.SZ,2025-09-15,346.01,371.52,344.02,354.7,325.0,29.7,9.1385,718410.23,25586615.241
300750.SZ,2025-09-16,356.11,359.0,348.5,353.42,354.7,-1.28,-0.3609,377444.65,13325722.242
300750.SZ,2025-09-17,356.8,381.88,354.0,377.1,353.42,23.68,6.7002,543771.0,20113064.234
300750.SZ,2025-09-18,374.59,380.0,360.8,366.89,377.1,-10.21,-2.7075,518896.9,19308545.614
300750.SZ,2025-09-19,365.0,375.71,361.72,368.49,366.89,1.6,0.4361,339148.86,12515443.887
300750.SZ,2025-09-22,370.5,372.72,362.78,370.05,368.49,1.56,0.4233,285277.63,10474484.764
300750.SZ,2025-09-23,368.0,376.96,360.0,368.15,370.05,-1.9,-0.5134,348493.15,12813882.35
300750.SZ,2025-09-24,371.0,380.0,366.06,379.93,368.15,11.78,3.1998,383145.48,14311189.086
300750.SZ,2025-09-25,376.6,402.59,376.47,392.85,379.93,12.92,3.4006,466393.38,18251421.708
300750.SZ,2025-09-26,392.02,399.99,380.0,380.4,392.85,-12.45,-3.1691,362633.26,14106499.742
300750.SZ,2025-09-29,386.34,399.89,386.01,397.37,380.4,16.97,4.4611,389647.45,15381134.07
300750.SZ,2025-09-30,396.0,408.88,396.0,402.0,397.37,4.63,1.1652,330313.1,13278445.667
300750.SZ,2025-10-09,399.98,424.36,399.74,409.89,402.0,7.89,1.9627,412088.23,16989122.538
300750.SZ,2025-10-10,401.0,403.8,379.01,381.95,409.89,-27.94,-6.8165,533117.98,20684330.795
300750.SZ,2025-10-13,362.86,384.6,362.86,374.5,381.95,-7.45,-1.9505,471509.98,17618650.277
300750.SZ,2025-10-14,381.0,385.8,355.77,358.0,374.5,-16.5,-4.4059,496399.39,18319370.881
300750.SZ,2025-10-15,358.5,369.71,354.76,369.3,358.0,11.3,3.1564,369933.55,13383852.917
300750.SZ,2025-10-16,367.5,373.9,364.5,368.5,369.3,-0.8,-0.2166,276294.67,10185159.269
300750.SZ,2025-10-17,367.5,375.0,356.99,358.14,368.5,-10.36,-2.8114,319057.61,11588825.855
300750.SZ,2025-10-20,365.0,368.89,359.53,366.5,358.14,8.36,2.3343,284324.2,10372513.059
300750.SZ,2025-10-21,373.0,381.35,363.1,375.9,366.5,9.4,2.5648,446328.7,16784956.526
300750.SZ,2025-10-22,375.9,378.88,368.2,372.86,375.9,-3.04,-0.8087,219458.79,8178934.535
300750.SZ,2025-10-23,373.8,378.8,369.0,376.45,372.86,3.59,0.9628,239980.98,8982628.027
300750.SZ,2025-10-24,379.97,387.8,378.0,385.77,376.45,9.32,2.4758,320415.78,12276721.104
300750.SZ,2025-10-27,393.0,393.0,376.57,386.18,385.77,0.41,0.1063,404510.18,15542852.577
300750.SZ,2025-10-28,386.16,393.8,383.02,386.48,386.18,0.3,0.0777,287082.95,11160796.766
300750.SZ,2025-10-29,386.0,400.04,384.7,400.0,386.48,13.52,3.4982,344740.46,13644645.226
300750.SZ,2025-10-30,405.98,409.08,396.83,398.29,400.0,-1.71,-0.4275,343060.88,13797530.229
300750.SZ,2025-10-31,398.0,406.8,388.2,388.77,398.29,-9.52,-2.3902,340483.5,13515773.431
300750.SZ,2025-11-03,387.0,391.91,375.77,386.86,388.77,-1.91,-0.4913,263681.77,10106566.781
300750.SZ,2025-11-04,383.06,386.5,374.0,378.95,386.86,-7.91,-2.0447,239390.74,9091842.153
300750.SZ,2025-11-05,372.85,393.0,372.0,388.7,378.95,9.75,2.5729,311425.32,11937586.811
300750.SZ,2025-11-06,390.0,399.49,388.7,394.68,388.7,5.98,1.5385,234474.77,9261688.312
300750.SZ,2025-11-07,393.5,397.51,388.88,395.37,394.68,0.69,0.1748,165548.92,6516185.371
300750.SZ,2025-11-10,398.4,400.31,383.32,384.51,395.37,-10.86,-2.7468,238959.91,9267204.047
300750.SZ,2025-11-11,386.0,394.77,384.5,385.6,384.51,1.09,0.2835,193031.75,7500041.113
300750.SZ,2025-11-12,390.78,392.99,383.98,386.38,385.6,0.78,0.2023,212998.25,8261238.197
300750.SZ,2025-11-13,385.05,421.3,385.05,415.6,386.38,29.22,7.5625,562654.49,22945441.956
300750.SZ,2025-11-14,407.0,414.6,403.88,404.12,415.6,-11.48,-2.7623,241721.2,9879119.548
300750.SZ,2025-11-17,388.0,392.4,382.5,390.78,404.12,-13.34,-3.301,476855.03,18542294.255
300750.SZ,2025-11-18,389.0,398.63,381.0,385.0,390.78,-5.78,-1.4791,395658.14,15353867.657
300750.SZ,2025-11-19,385.5,398.44,384.96,391.1,385.0,6.1,1.5844,292666.86,11462348.543
300750.SZ,2025-11-20,394.9,395.0,377.01,379.39,391.1,-11.71,-2.9941,336742.85,12895238.923
300750.SZ,2025-11-21,375.0,383.0,370.0,370.0,379.39,-9.39,-2.475,316313.35,11850710.342
300750.SZ,2025-11-24,373.8,374.9,367.18,370.55,370.0,0.55,0.1486,228458.19,8464724.008
300750.SZ,2025-11-25,375.0,379.66,370.59,372.36,370.55,1.81,0.4885,206332.46,7733117.132
300750.SZ,2025-11-26,375.5,375.5,370.07,372.82,372.36,0.46,0.1235,189106.6,7048903.988
300750.SZ,2025-11-27,373.0,378.88,370.0,371.2,372.82,-1.62,-0.4345,222002.59,8289124.681
300750.SZ,2025-11-28,370.5,375.48,366.16,373.2,371.2,2.0,0.5388,203402.63,7542337.298
300750.SZ,2025-12-01,374.76,382.97,374.03,382.97,373.2,9.77,2.6179,267510.13,10120862.871
300750.SZ,2025-12-02,383.5,384.98,377.4,380.08,382.97,-2.89,-0.7546,163484.61,6220569.502
300750.SZ,2025-12-03,380.09,383.37,375.0,376.08,380.08,-4.0,-1.0524,139911.35,5294871.743
300750.SZ,2025-12-04,379.19,383.6,375.15,383.35,376.08,7.27,1.9331,191658.09,7299943.081
300750.SZ,2025-12-05,387.2,389.31,382.0,389.09,383.35,5.74,1.4973,232915.59,9004580.816
300750.SZ,2025-12-08,390.43,395.38,385.5,392.5,389.09,3.41,0.8764,216597.58,8476698.7
300750.SZ,2025-12-09,391.5,392.26,386.0,387.59,392.5,-4.91,-1.251,186917.73,7255076.087
300750.SZ,2025-12-10,385.05,388.0,377.26,382.38,387.59,-5.21,-1.3442,194334.05,7399361.241
300750.SZ,2025-12-11,384.9,398.86,383.38,388.99,382.38,6.61,1.7286,282153.78,11089031.995
300750.SZ,2025-12-12,392.0,393.39,385.5,391.8,388.99,2.81,0.7224,240020.22,9355490.916
300750.SZ,2025-12-15,391.5,394.97,385.21,385.5,391.8,-6.3,-1.608,182749.93,7099251.459
300750.SZ,2025-12-16,386.0,389.08,378.03,378.41,385.5,-7.09,-1.8392,191216.76,7292054.835
300750.SZ,2025-12-17,376.45,384.5,375.06,383.42,378.41,5.01,1.324,222574.08,8453303.234
300750.SZ,2025-12-18,379.57,380.95,370.01,372.0,383.42,-11.42,-2.9785,296392.83,11079385.459
300750.SZ,2025-12-19,374.08,377.68,370.8,374.0,372.0,2.0,0.5376,175599.45,6572807.89
300750.SZ,2025-12-22,376.0,377.99,368.1,371.84,374.0,-2.16,-0.5775,254935.38,9489773.616
300750.SZ,2025-12-23,372.0,380.5,371.6,378.1,371.84,6.26,1.6835,236040.86,8879315.764
300750.SZ,2025-12-24,378.08,378.08,372.0,375.6,378.1,-2.5,-0.6612,210883.87,7902857.946
300750.SZ,2025-12-25,374.21,374.21,369.12,373.01,375.6,-2.59,-0.6896,203431.44,7559336.244
300750.SZ,2025-12-26,372.96,378.0,370.1,374.43,373.01,1.42,0.3807,257236.89,9616116.053
300750.SZ,2025-12-29,374.0,374.43,368.0,369.31,374.43,-5.12,-1.3674,241240.72,8924502.783
300750.SZ,2025-12-30,367.1,371.0,366.56,369.2,369.31,-0.11,-0.0298,190308.21,7014015.794
300750.SZ,2025-12-31,369.79,372.0,367.15,367.26,369.2,-1.94,-0.5255,160265.97,5920431.545
300750.SZ,2026-01-05,370.0,378.0,368.19,377.5,367.26,10.24,2.7882,336881.35,12583419.574
300750.SZ,2026-01-06,380.0,380.5,369.04,373.99,377.5,-3.51,-0.9298,341477.1,12764795.667
300750.SZ,2026-01-07,372.95,375.48,368.49,371.01,373.99,-2.98,-0.7968,262285.35,9730943.679
300750.SZ,2026-01-08,368.0,373.33,367.0,369.21,371.01,-1.8,-0.4852,269590.35,9962397.48
300750.SZ,2026-01-09,369.17,377.63,367.01,369.23,369.21,0.02,0.0054,314771.87,11681035.309
300750.SZ,2026-01-12,368.0,368.0,351.66,361.68,369.23,-7.55,-2.0448,488307.39,17505537.199
300750.SZ,2026-01-13,366.25,367.77,357.0,359.0,361.68,-2.68,-0.741,296709.2,10745692.37
300750.SZ,2026-01-14,360.03,361.22,351.71,353.98,359.0,-5.02,-1.3983,380833.65,13553362.724
300750.SZ,2026-01-15,352.75,358.28,351.8,353.75,353.98,-0.23,-0.065,323709.12,11474019.06
300750.SZ,2026-01-16,357.99,361.72,351.51,352.32,353.75,-1.43,-0.4042,319818.42,11350569.563
300750.SZ,2026-01-19,351.47,355.34,345.33,348.9,352.32,-3.42,-0.9707,338642.84,11842421.264
300750.SZ,2026-01-20,350.0,356.91,347.9,349.6,348.9,0.7,0.2006,354405.89,12466608.9
300750.SZ,2026-01-21,351.94,357.69,349.0,349.81,349.6,0.21,0.0601,393935.73,13919426.405
300750.SZ,2026-01-22,351.03,353.73,339.5,345.8,349.81,-4.01,-1.1463,459948.18,15851213.229
300750.SZ,2026-01-23,348.01,350.0,343.25,347.0,345.8,1.2,0.347,339761.27,11775914.386
300750.SZ,2026-01-26,352.02,352.55,341.21,342.05,347.0,-4.95,-1.4265,332913.86,11468681.279
300750.SZ,2026-01-27,344.89,344.9,334.02,339.4,342.05,-2.65,-0.7747,322948.85,10953698.562
300750.SZ,2026-01-28,337.88,344.0,333.01,339.99,339.4,0.59,0.1738,463081.71,15638344.009
300750.SZ,2026-01-29,340.5,345.16,338.16,341.89,339.99,1.9,0.5588,338444.19,11569006.794
300750.SZ,2026-01-30,348.4,353.76,344.1,350.0,341.89,8.11,2.3721,486501.15,17048600.0
300750.SZ,2026-02-02,357.0,357.99,344.13,348.98,350.0,-1.02,-0.2914,391917.47,13766144.458
300750.SZ,2026-02-03,349.0,352.8,343.5,347.91,348.98,-1.07,-0.3066,265163.25,9220045.792
300750.SZ,2026-02-04,350.96,366.65,347.51,365.03,347.91,17.12,4.9208,485316.85,17369398.062
300750.SZ,2026-02-05,365.77,366.75,356.02,362.94,365.03,-2.09,-0.5726,284271.57,10268243.283
300750.SZ,2026-02-06,359.32,372.88,358.01,369.11,362.94,6.17,1.7,393726.18,14514523.059
300750.SZ,2026-02-09,370.5,372.5,362.6,368.82,369.11,-0.29,-0.0786,274486.3,10080946.319
300750.SZ,2026-02-10,365.17,370.8,364.0,364.97,368.82,-3.85,-1.0439,185634.99,6798020.174
300750.SZ,2026-02-11,366.9,370.99,364.5,368.0,364.97,3.03,0.8302,196534.59,7239804.071
300750.SZ,2026-02-12,370.0,377.88,368.03,375.87,368.0,7.87,2.1386,277545.8,10410892.196
300750.SZ,2026-02-13,375.61,377.0,365.01,365.34,375.87,-10.53,-2.8015,223145.32,8229700.941
300750.SZ,2026-02-24,372.64,373.5,361.95,361.95,365.34,-3.39,-0.9279,226951.31,8316534.693
300750.SZ,2026-02-25,363.69,366.6,360.1,362.18,361.95,0.23,0.0635,187166.39,6802110.619
300750.SZ,2026-02-26,356.05,358.2,343.5,346.0,362.18,-16.18,-4.4674,435413.81,15108143.01
300750.SZ,2026-02-27,347.12,348.94,342.01,342.01,346.0,-3.99,-1.1532,254466.2,8775054.149
300750.SZ,2026-03-02,341.0,344.9,336.68,340.22,342.01,-1.79,-0.5234,283513.26,9643254.984
300750.SZ,2026-03-03,346.33,354.35,344.03,344.07,340.22,3.85,1.1316,400074.79,13919957.238
300750.SZ,2026-03-04,341.1,342.02,334.2,338.9,344.07,-5.17,-1.5026,250804.41,8468604.902
300750.SZ,2026-03-05,344.58,353.85,342.66,350.25,338.9,11.35,3.3491,310060.68,10819502.021
300750.SZ,2026-03-06,349.0,357.02,344.66,354.77,350.25,4.52,1.2905,209631.13,7388868.682
300750.SZ,2026-03-09,348.84,359.85,345.06,357.5,354.77,2.73,0.7695,317976.13,11217996.825
300750.SZ,2026-03-10,375.0,379.77,366.5,376.3,357.5,18.8,5.2587,507417.28,19049080.513
300750.SZ,2026-03-11,379.58,403.55,378.98,396.8,376.3,20.5,5.4478,575986.85,22642696.276
300750.SZ,2026-03-12,400.0,400.9,392.7,395.5,396.8,-1.3,-0.3276,291503.75,11537671.607
300750.SZ,2026-03-13,393.88,403.99,393.8,397.0,395.5,1.5,0.3793,355826.39,14201304.444
300750.SZ,2026-03-16,401.77,413.17,398.0,408.4,397.0,11.4,2.8715,373521.04,15195015.005
300750.SZ,2026-03-17,415.78,420.0,404.56,405.0,408.4,-3.4,-0.8325,359806.78,14787230.79
300750.SZ,2026-03-18,405.36,406.0,396.77,402.02,405.0,-2.98,-0.7358,265299.96,10653633.584
300750.SZ,2026-03-19,401.94,414.0,400.0,400.5,402.02,-1.52,-0.3781,292866.35,11867380.765
300750.SZ,2026-03-20,405.08,422.08,400.13,413.0,400.5,12.5,3.1211,537296.77,22252017.693
300750.SZ,2026-03-23,417.33,417.36,398.75,401.99,413.0,-11.01,-2.6659,446141.45,18193336.487
300750.SZ,2026-03-24,405.0,411.9,388.0,396.99,401.99,-5.0,-1.2438,364105.25,14439124.61
300750.SZ,2026-03-25,393.0,400.5,387.8,397.81,396.99,0.82,0.2066,267528.28,10553996.247
300750.SZ,2026-03-26,393.84,413.72,392.0,402.5,397.81,4.69,1.179,267636.97,10811439.764
300750.SZ,2026-03-27,406.12,418.33,401.73,416.18,402.5,13.68,3.3988,302580.43,12465856.864
300750.SZ,2026-03-30,413.0,418.85,405.6,413.0,416.18,-3.18,-0.7641,253484.19,10440376.424
300750.SZ,2026-03-31,413.0,416.95,401.58,401.7,413.0,-11.3,-2.7361,249256.45,10159878.346
300750.SZ,2026-04-01,409.73,409.87,396.0,405.71,401.7,4.01,0.9983,231700.73,9384266.504
300750.SZ,2026-04-02,407.9,411.99,397.2,401.17,405.71,-4.54,-1.119,223056.38,8988161.794
300750.SZ,2026-04-03,400.0,400.8,385.13,386.46,401.17,-14.71,-3.6668,247515.01,9640031.385
300750.SZ,2026-04-07,389.98,393.2,381.49,384.59,386.46,-1.87,-0.4839,172576.22,6675632.984
300750.SZ,2026-04-08,396.5,397.65,388.22,391.3,384.59,6.71,1.7447,364184.43,14315333.338
300750.SZ,2026-04-09,394.1,394.28,386.66,389.99,391.3,-1.31,-0.3348,259551.99,10132744.607
300750.SZ,2026-04-10,394.0,419.0,392.68,416.0,389.99,26.01,6.6694,507887.02,20752496.341
300750.SZ,2026-04-13,418.0,433.33,416.0,427.13,416.0,11.13,2.6755,412399.24,17625505.878
300750.SZ,2026-04-14,421.5,432.49,414.4,430.79,427.13,3.66,0.8569,442208.26,18663656.303
300750.SZ,2026-04-15,438.88,439.46,427.07,431.0,430.79,0.21,0.0487,373536.28,16122379.46
300750.SZ,2026-04-16,441.0,460.0,433.02,453.98,431.0,22.98,5.3318,635062.18,28517416.468
300750.SZ,2026-04-17,455.96,457.64,441.01,444.2,453.98,-9.78,-2.1543,365358.48,16290232.436
300750.SZ,2026-04-20,433.0,437.9,426.01,432.5,444.2,-11.7,-2.6339,529278.21,22768028.85
300750.SZ,2026-04-21,435.0,450.13,425.1,447.6,432.5,15.1,3.4913,577745.62,25412275.749
300750.SZ,2026-04-22,441.01,447.97,433.13,436.35,440.69,-4.34,-0.9848,460254.32,20173924.648
300750.SZ,2026-04-23,443.5,443.6,435.0,438.9,436.35,2.55,0.5844,354309.66,15566836.621
300750.SZ,2026-04-24,442.0,448.45,438.0,444.9,438.9,6.0,1.3671,395424.97,17517374.359
300750.SZ,2026-04-27,444.63,448.76,433.8,434.88,444.9,-10.02,-2.2522,330612.83,14514326.132
300750.SZ,2026-04-28,426.19,433.3,423.0,427.67,434.88,-7.21,-1.6579,350121.13,14992134.063
300750.SZ,2026-04-29,432.0,445.15,428.0,445.0,427.67,17.33,4.0522,376335.6,16473164.318
300750.SZ,2026-04-30,446.5,449.5,436.0,436.0,445.0,-9.0,-2.0225,298120.94,13127297.982
300750.SZ,2026-05-06,457.5,465.88,448.63,460.0,436.0,24.0,5.5046,473727.18,21679900.613
300750.SZ,2026-05-07,468.75,468.75,447.0,451.64,460.0,-8.36,-1.8174,386212.74,17551196.925
300750.SZ,2026-05-08,449.0,455.5,436.2,437.0,451.64,-14.64,-3.2415,366048.51,16224287.222
300750.SZ,2026-05-11,440.0,450.51,435.1,446.11,437.0,9.11,2.0847,341901.01,15198345.088
300750.SZ,2026-05-12,446.59,446.85,429.29,431.25,446.11,-14.86,-3.331,341514.97,14869224.128
300750.SZ,2026-05-13,431.01,436.58,427.08,434.05,431.25,2.8,0.6493,316858.23,13668347.814
300750.SZ,2026-05-14,449.38,450.45,427.0,427.0,434.05,-7.05,-1.6242,347046.14,15157645.64
300750.SZ,2026-05-15,428.08,431.5,421.0,423.6,427.0,-3.4,-0.7963,297048.93,12638150.862
300750.SZ,2026-05-18,420.58,422.9,414.0,417.23,423.6,-6.37,-1.5038,284983.47,11894351.176
300750.SZ,2026-05-19,415.86,419.9,406.8,417.92,417.23,0.69,0.1654,260876.68,10805349.153
300750.SZ,2026-05-20,417.0,422.99,412.66,414.75,417.92,-3.17,-0.7585,281190.31,11734883.868
300750.SZ,2026-05-21,419.87,427.62,411.42,411.63,414.75,-3.12,-0.7523,338671.72,14239107.293
300750.SZ,2026-05-22,414.7,416.5,410.0,411.16,411.63,-0.47,-0.1142,277883.81,11472585.703
300750.SZ,2026-05-25,411.28,414.5,400.0,402.88,411.16,-8.28,-2.0138,381977.1,15479408.962
300750.SZ,2026-05-26,406.19,408.77,400.36,402.5,402.88,-0.38,-0.0943,350627.03,14152427.064
300750.SZ,2026-05-27,413.92,428.9,411.29,414.8,402.5,12.3,3.0559,533728.88,22373358.897
300750.SZ,2026-05-28,420.0,420.58,406.2,415.68,414.8,0.88,0.2122,327771.49,13502296.107
300750.SZ,2026-05-29,423.0,430.86,416.55,424.0,415.68,8.32,2.0015,498118.91,21139031.904
300750.SZ,2026-06-01,432.1,438.24,418.18,420.1,424.0,-3.9,-0.9198,386004.52,16554495.936
300750.SZ,2026-06-02,425.0,437.75,423.0,433.89,420.1,13.79,3.2826,387981.6,16719046.201
300750.SZ,2026-06-03,437.0,437.0,420.1,426.42,433.89,-7.47,-1.7216,385526.08,16460790.913
300750.SZ,2026-06-04,426.42,426.9,407.18,408.2,426.42,-18.22,-4.2728,431154.62,17788218.035
300750.SZ,2026-06-05,407.89,412.65,402.7,403.0,408.2,-5.2,-1.2739,287389.3,11711423.57
300750.SZ,2026-06-08,395.8,402.68,390.7,393.02,403.0,-9.98,-2.4764,286526.36,11335280.87
300750.SZ,2026-06-09,399.99,401.87,388.0,399.5,393.02,6.48,1.6488,277351.47,10926469.6166
300750.SZ,2026-06-10,395.28,399.0,385.12,388.5,399.5,-11.0,-2.7534,244357.15,9535581.22717
300750.SZ,2026-06-11,386.98,391.34,380.03,382.2,388.5,-6.3,-1.6216,268654.47,10301875.9156
300750.SZ,2026-06-12,389.99,399.54,383.3,394.85,382.2,12.65,3.3098,414208.38,16278999.8834
300750.SZ,2026-06-15,402.0,407.9,393.41,398.1,394.85,3.25,0.8231,340748.82,13613555.7012
300750.SZ,2026-06-16,408.88,409.02,398.5,403.53,398.1,5.43,1.364,348392.62,14107808.7348
300750.SZ,2026-06-17,400.0,403.3,395.58,399.0,403.53,-4.53,-1.1226,250092.64,9965557.90566
300750.SZ,2026-06-18,400.39,409.89,389.92,391.55,399.0,-7.45,-1.8672,385481.05,15327443.707
300750.SZ,2026-06-22,393.0,413.33,386.0,408.98,391.55,17.43,4.4515,594648.44,23926025.746
300750.SZ,2026-06-23,411.0,414.04,390.73,392.51,408.98,-16.47,-4.0271,373740.94,14957779.3941
300750.SZ,2026-06-24,392.0,399.27,386.66,395.36,392.51,2.85,0.7261,344270.57,13521407.6757
300750.SZ,2026-06-25,399.88,402.55,392.58,401.9,395.36,6.54,1.6542,324046.38,12900279.0381
300750.SZ,2026-06-26,401.0,409.81,381.0,381.0,401.9,-20.9,-5.2003,465253.03,18133875.4675
300750.SZ,2026-06-29,386.96,396.0,378.2,392.36,381.0,11.36,2.9816,425259.08,16529881.6525
300750.SZ,2026-06-30,392.49,402.36,390.0,393.01,392.36,0.65,0.1657,270383.46,10665434.439
300750.SZ,2026-07-01,390.0,391.0,370.0,383.84,393.01,-9.17,-2.3333,440885.79,16758898.184
300750.SZ,2026-07-02,387.68,390.99,380.39,382.35,383.84,-1.49,-0.3882,340754.35,13139767.2594
