ts_code,trade_date,open,high,low,close,pre_close,change,pct_chg,vol,amount,ma5,ma20,ma60,rsi14,macd_dif,macd_dea,macd_hist
688981.SH,2025-07-02,87.5,87.73,85.81,86.1,87.76,-1.66,-1.8915,225572.67,1955238.262,,,,,0.0,0.0,0.0
688981.SH,2025-07-03,86.38,86.73,85.78,86.24,86.1,0.14,0.1626,146150.27,1260331.049,,,,,0.011168091168087813,0.0022336182336175625,0.0178689458689405
688981.SH,2025-07-04,86.0,87.2,84.86,85.8,86.24,-0.44,-0.5102,252257.45,2166412.311,,,,,-0.015308966647992861,-0.0012748987427045225,-0.028068135810576676
688981.SH,2025-07-07,85.69,86.86,85.37,85.48,85.8,-0.32,-0.373,135349.28,1162397.568,,,,,-0.06140570463327322,-0.013301059920818262,-0.09620928942490992
688981.SH,2025-07-08,85.49,86.85,85.18,86.74,85.48,1.26,1.474,217668.48,1876172.23,86.072,,,,0.0036912180806325523,-0.0099026043205281,0.027187644802321304
688981.SH,2025-07-09,86.65,86.86,85.52,85.85,86.74,-0.89,-1.0261,183102.0,1578143.686,86.02199999999999,,,,-0.016346135554684338,-0.011191310567359348,-0.01030964997464998
688981.SH,2025-07-10,85.61,86.17,85.5,85.67,85.85,-0.18,-0.2097,175639.46,1506706.468,85.908,,,,-0.046217610504811546,-0.01819657055484979,-0.05604207989992351
688981.SH,2025-07-11,85.7,89.34,85.4,88.16,85.67,2.49,2.9065,469922.38,4128335.55,86.38,,,,0.12953798730355004,0.011350341016830176,0.23637529257343973
688981.SH,2025-07-14,88.3,88.49,87.47,87.52,88.16,-0.64,-0.726,189831.36,1667925.619,86.78799999999998,,,,0.21470789456304828,0.052021851726073806,0.32537208567394893
688981.SH,2025-07-15,87.15,87.95,86.61,87.89,87.52,0.37,0.4228,206173.16,1800356.659,87.018,,,,0.3085053102841613,0.10331854343769131,0.41037353369293994
688981.SH,2025-07-16,87.73,88.2,86.77,87.12,87.89,-0.77,-0.8761,196708.51,1720548.788,87.272,,,,0.31705308259802223,0.1460654512697575,0.34197526265652944
688981.SH,2025-07-17,87.06,89.0,86.32,88.79,87.12,1.67,1.9169,287922.16,2535637.954,87.896,,,,0.4533562878855548,0.207523618592917,0.49166533858527567
688981.SH,2025-07-18,88.75,89.13,87.93,88.51,88.79,-0.28,-0.3154,219959.93,1948101.635,87.96600000000001,,,,0.5326439126790774,0.27254767741014907,0.5201924705378567
688981.SH,2025-07-21,88.45,89.52,88.04,89.02,88.51,0.51,0.5762,222719.15,1983498.56,88.266,,,,0.629377591218983,0.3439136601719159,0.5709278620941342
688981.SH,2025-07-22,88.7,90.55,88.5,89.08,89.02,0.06,0.0674,297420.68,2662984.479,88.50399999999999,,,64.87025948103799,0.7027800163859155,0.4156869314147158,0.5741861699423993
688981.SH,2025-07-23,88.9,90.19,88.3,89.39,89.08,0.31,0.348,316549.41,2831683.379,88.958,,,65.45632973503442,0.7770094946063324,0.48795144405303914,0.5781161011065865
688981.SH,2025-07-24,89.1,92.9,89.0,91.75,89.39,2.36,2.6401,522324.53,4779308.503,89.55,,,74.56647398843937,1.0145737924188296,0.5932759137261973,0.8425957573852647
688981.SH,2025-07-25,91.74,93.68,90.99,93.47,91.75,1.72,1.8747,442124.79,4076414.682,90.542,,,79.57068837897856,1.326345549480834,0.7398898408771246,1.1729114172074189
688981.SH,2025-07-28,93.64,93.69,91.96,92.18,93.47,-1.29,-1.3801,342640.05,3167887.757,91.174,,,70.08862629246684,1.452590139207686,0.882429900543237,1.1403204773288982
688981.SH,2025-07-29,92.0,92.63,90.81,92.17,92.18,-0.01,-0.0108,294142.08,2699803.673,91.792,88.3465,,74.96050552922597,1.5341482634756431,1.0127735731297183,1.0427493806918497
688981.SH,2025-07-30,91.7,91.83,89.74,90.36,92.17,-1.81,-1.9638,310018.59,2815721.986,91.98600000000002,88.5595,,66.41007697690694,1.436176443304106,1.0974541471645958,0.6774445922790204
688981.SH,2025-07-31,90.32,92.75,89.46,89.5,90.36,-0.86,-0.9517,461988.52,4187082.774,91.53600000000002,88.7225,,55.2922590837283,1.274447223018086,1.132852762335294,0.28318892136558427
688981.SH,2025-08-01,89.2,90.33,88.02,88.29,89.5,-1.21,-1.352,274140.33,2439842.712,90.5,88.84700000000001,,52.910052910052954,1.036688463842225,1.1136199026366802,-0.1538628775889106
688981.SH,2025-08-04,87.95,90.63,87.88,90.07,88.29,1.78,2.0161,286057.6,2568808.038,90.078,89.07650000000001,,57.44535519125682,0.9805904221649371,1.0870140065423317,-0.21284716875478926
688981.SH,2025-08-05,89.85,90.58,89.58,90.0,90.07,-0.07,-0.0777,195679.4,1761818.589,89.64399999999999,89.2395,,60.32998565279771,0.9198800998004941,1.0535872251939642,-0.26741425078694014
688981.SH,2025-08-06,89.86,91.0,89.53,90.78,90.0,0.78,0.8667,267797.87,2418543.09,89.72800000000001,89.486,,57.62452107279694,0.9240542905428839,1.0276806382637482,-0.20725269544172864
688981.SH,2025-08-07,90.7,91.7,89.75,90.59,90.78,-0.19,-0.2093,315259.94,2859638.85,89.946,89.732,,58.0246913580247,0.9016374395229008,1.0024719985155788,-0.20166911798535603
688981.SH,2025-08-08,88.0,88.5,86.66,86.66,90.59,-3.93,-4.3382,584730.5,5098977.106,89.62,89.65700000000001,,42.79609279609279,0.5602950355668099,0.914036605925825,-0.7074831407180302
688981.SH,2025-08-11,86.69,87.18,86.22,86.96,86.66,0.3,0.3462,279193.14,2423559.078,88.998,89.62899999999999,,43.62214199759323,0.31040802351498087,0.7933108894436562,-0.9658057318573507
688981.SH,2025-08-12,86.95,90.1,86.42,88.52,86.96,1.56,1.7939,551552.4,4870773.398,88.702,89.6605,,47.565752658086154,0.23553463203830916,0.6817556379625869,-0.8924420118485554
688981.SH,2025-08-13,88.01,89.23,88.0,88.66,88.52,0.14,0.1582,384304.42,3405728.487,88.27799999999999,89.7375,,40.12779552715652,0.18535707880685948,0.5824759261314414,-0.7942376946491638
688981.SH,2025-08-14,88.69,92.58,88.69,89.46,88.66,0.8,0.9023,741492.26,6741604.128,88.05199999999999,89.771,,36.388323150033905,0.2077495134112013,0.5075306435873934,-0.5995622603523842
688981.SH,2025-08-15,89.0,93.3,88.48,91.84,89.46,2.38,2.6604,690499.46,6288369.53,89.088,89.9375,,48.92541087231351,0.4127834776919599,0.48858121040830677,-0.15159546543269375
688981.SH,2025-08-18,93.5,95.17,91.36,92.31,91.84,0.47,0.5118,833423.13,7749849.746,90.15799999999999,90.102,,50.429975429975435,0.6062114157730036,0.5121072514812461,0.188208328583515
688981.SH,2025-08-19,91.67,92.48,89.35,89.35,92.31,-2.96,-3.2066,744652.14,6762914.098,90.324,90.1155,,47.10269650028684,0.5147237727792486,0.5126305557408467,0.004186434076803858
688981.SH,2025-08-20,89.4,92.49,88.19,92.28,89.35,2.93,3.2792,858745.56,7756060.795,91.048,90.26,,57.12820512820513,0.67091181575816,0.5442868077443094,0.25325001602770114
688981.SH,2025-08-21,92.3,94.11,90.8,91.05,92.28,-1.23,-1.3329,606826.05,5593619.618,91.366,90.225,,57.06967213114751,0.6875159882828683,0.5729326438520213,0.2291666888616941
688981.SH,2025-08-22,92.5,105.0,92.42,103.97,91.05,12.92,14.19,2061948.09,20322967.7,93.792,90.75,,72.66797129810827,1.723345285978482,0.8030151722773134,1.840660227402337
688981.SH,2025-08-25,106.0,109.24,101.1,103.17,103.97,-0.8,-0.7695,1760636.98,18348502.386,95.96399999999998,91.2995,,70.97801847722204,2.4514355302017776,1.1326992438622063,2.6374725726791426
688981.SH,2025-08-26,101.0,102.57,100.13,100.93,103.17,-2.24,-2.1712,856074.09,8663988.281,98.28,91.7375,,65.44901065449011,2.8152505588074774,1.4692095068512607,2.6920821039124334
688981.SH,2025-08-27,102.2,106.69,100.59,101.51,100.93,0.58,0.5747,1422620.71,14762335.293,100.126,92.295,,66.42599277978339,3.1144760022015987,1.7982628059213284,2.6324263925605407
688981.SH,2025-08-28,102.0,119.22,101.99,119.22,101.51,17.71,17.4466,2420325.11,27118768.322,105.76000000000002,93.781,,84.62356444066354,4.726182819650546,2.383846808667172,4.684672021966748
688981.SH,2025-08-29,114.0,116.0,112.26,114.76,119.22,-4.46,-3.741,1639670.37,18711478.532,107.918,95.1045,,77.15904650254006,5.579272972128763,3.0229320413594905,5.112681861538545
688981.SH,2025-09-09,102.0,108.65,101.2,102.99,114.76,-11.77,-10.2562,1574695.7,16482005.03,107.88200000000002,95.7505,,61.785307053266,5.245149610427902,3.467375555173173,3.5555481105094575
688981.SH,2025-09-10,103.0,105.96,102.13,103.91,102.99,0.92,0.8933,1039925.7,10822524.036,108.478,96.446,,62.26475792182724,4.9969885764978414,3.7732981594381068,2.4473808341194694
688981.SH,2025-09-11,102.62,112.8,99.98,110.28,103.91,6.37,6.1303,1467501.66,15776091.423,110.232,97.42099999999999,,65.36758193091231,5.253762825395981,4.069391092629682,2.3687434655325976
688981.SH,2025-09-12,109.28,112.49,108.01,108.42,110.28,-1.86,-1.6866,1159022.04,12730296.246,108.072,98.3125,,62.33263909550729,5.246691221821621,4.30485111846807,1.8836802067071012
688981.SH,2025-09-15,110.55,112.55,107.5,108.66,108.42,0.24,0.2214,946836.18,10395575.384,106.852,99.4125,,62.203313927451845,5.2005047378608396,4.4839818423466244,1.4330457910284302
688981.SH,2025-09-16,109.0,111.86,108.09,109.78,108.66,1.12,1.0307,866259.24,9501062.259,108.21,100.5535,,65.6792018419033,5.194398464240734,4.626065166725446,1.1366665950305759
688981.SH,2025-09-17,110.8,120.8,109.8,117.39,109.78,7.61,6.932,1528475.61,17861084.416,110.90599999999999,101.99699999999999,,67.97937849062008,5.7374844497037145,4.8483490233211,1.7782708527652282
688981.SH,2025-09-18,119.98,127.49,116.35,122.15,117.39,4.76,4.0549,1931567.78,23495279.107,113.28,103.6715,,71.19683751363141,6.477309829200877,5.1741411844970555,2.6063372894076426
688981.SH,2025-09-19,123.0,127.4,120.11,121.34,122.15,-0.81,-0.6631,1449106.23,17943778.048,115.864,105.2655,,64.1795918367347,6.918514216793227,5.52301579095629,2.7909968516738743
688981.SH,2025-09-22,120.54,129.83,119.05,128.92,121.34,7.58,6.2469,1588281.47,19858613.711,119.91600000000001,107.11950000000002,,68.92547405556371,7.790016067849422,5.976415846334916,3.627200443029011
688981.SH,2025-09-23,127.64,129.33,122.63,128.51,128.92,-0.41,-0.318,1441273.53,18120121.818,123.66199999999999,108.9295,,70.83081570996978,8.351334998815389,6.451399676831011,3.799870643968756
688981.SH,2025-09-24,126.88,137.98,126.23,134.98,128.51,6.47,5.0346,1460947.53,19497523.266,127.17999999999999,111.21099999999998,,73.21403800804549,9.212068235340695,7.003533388532948,4.417069693615494
688981.SH,2025-09-25,133.0,137.8,132.31,134.11,134.98,-0.87,-0.6445,1032583.21,13953307.668,129.572,113.30250000000001,,63.47511312217196,9.712049338198526,7.545236578466064,4.333625519464922
688981.SH,2025-09-26,132.71,135.95,131.2,132.27,134.11,-1.84,-1.372,912445.19,12181639.386,131.75799999999998,115.3635,,66.63499904997151,9.84631317276579,8.00545189732601,3.6817225508795595
688981.SH,2025-09-29,131.0,136.02,129.16,136.02,132.27,3.75,2.8351,1027207.23,13627566.349,133.178,116.96600000000001,,87.02084734364496,10.138442237765588,8.432049965413926,3.4127845447033245
688981.SH,2025-09-30,138.5,142.0,136.6,140.13,136.02,4.11,3.0216,986229.0,13794113.059,135.502,118.81400000000001,,87.88702928870296,10.579643730426227,8.861568718416386,3.436150024019682
688981.SH,2025-10-09,144.0,153.0,137.0,138.91,140.13,-1.22,-0.8706,1662841.1,24249284.345,136.288,120.71300000000001,100.26566666666666,83.56389214536932,10.7074267377196,9.230740322277029,2.9533728308851437
688981.SH,2025-10-10,134.87,134.94,127.17,127.95,138.91,-10.96,-7.89,1617420.76,21074152.02,135.056,122.035,100.96316666666667,68.86956521739133,9.81121767804666,9.346835793430955,0.9287637692314092
688981.SH,2025-10-13,126.0,136.48,126.0,136.47,127.95,8.52,6.6589,1402994.86,18642587.057,135.89600000000002,122.89750000000001,101.80033333333333,73.1634182908546,9.676908954051655,9.412850425555096,0.5281170569931177
688981.SH,2025-10-14,136.96,137.8,125.8,127.2,136.47,-9.27,-6.7927,1321004.03,17321652.001,134.132,123.5195,102.49033333333334,62.77500733352891,8.721915977086311,9.27466353586134,-1.1054951175500562
688981.SH,2025-10-15,127.18,129.73,124.6,129.56,127.2,2.36,1.8553,807987.26,10284318.328,132.01799999999997,124.848,103.225,59.669474018751,8.062569160636713,9.032244660816415,-1.9393510003594052
688981.SH,2025-10-16,127.8,130.28,126.6,127.3,129.56,-2.26,-1.7444,612310.62,7841134.057,129.696,126.0175,103.90100000000001,54.2611285785206,7.273820866715937,8.68055990199632,-2.813478070560766
688981.SH,2025-10-17,126.85,127.32,120.87,121.98,127.3,-5.32,-4.1791,820528.98,10097285.54,128.502,126.6025,104.50316666666666,50.492762550046194,6.148575669294075,8.174163055455871,-4.051174772323591
688981.SH,2025-10-20,124.1,125.18,121.69,122.63,121.98,0.65,0.5329,571239.35,7060333.63,125.734,127.31300000000002,105.11916666666666,44.57852094466472,5.248755920096954,7.589081628384088,-4.680651416574268
688981.SH,2025-10-21,123.8,127.85,122.61,127.19,122.63,4.56,3.7185,784150.88,9888217.346,125.732,128.2395,105.76966666666667,48.93822393822394,4.847714738588124,7.040808250424895,-4.386187023673543
688981.SH,2025-10-22,125.42,129.27,123.81,126.81,127.19,-0.38,-0.2988,653954.11,8265031.817,125.18199999999999,129.091,106.4245,42.714464062778674,4.447950681980487,6.522236736736014,-4.148572109511054
688981.SH,2025-10-23,125.18,128.5,124.01,128.3,126.81,1.49,1.175,634264.02,8038110.025,125.38199999999999,129.6365,107.098,44.875639442582454,4.202916726724027,6.0583727347336165,-3.7109120160191793
688981.SH,2025-10-24,130.3,134.8,128.9,134.06,128.3,5.76,4.4895,1024466.21,13548726.657,127.798,130.232,107.88033333333334,51.476654017488855,4.4225292492242545,5.731204037631745,-2.6173495768149806
688981.SH,2025-10-27,137.5,137.5,132.3,134.5,134.06,0.44,0.3282,1012643.04,13623206.912,130.172,130.89,108.64216666666668,48.67364746945898,4.579290863727564,5.500821402850909,-1.8430610782466896
688981.SH,2025-10-28,133.0,135.8,132.0,132.69,134.5,-1.81,-1.3457,695189.45,9299045.972,131.272,131.07850000000002,109.3785,43.236363636363635,4.505536677213328,5.301764457723394,-1.592455561020131
688981.SH,2025-10-29,132.0,134.53,130.31,133.0,132.69,0.31,0.2336,688460.74,9111437.51,132.51,131.303,110.11149999999999,44.53688297282307,4.421136255560114,5.125638817290738,-1.409005123461247
688981.SH,2025-10-30,133.0,133.0,128.51,128.55,133.0,-4.45,-3.3459,692863.97,9018982.748,132.56,130.9815,110.76933333333334,50.63051702395966,3.94964149494227,4.890439352821044,-1.8815957157575482
688981.SH,2025-10-31,128.03,128.7,124.18,124.18,128.55,-4.37,-3.3995,691668.89,8692098.673,130.584,130.48499999999999,111.34916666666668,35.85079438176376,3.1866226198719403,4.549676006231223,-2.726106772718566
688981.SH,2025-11-03,122.0,122.6,117.55,120.21,124.18,-3.97,-3.197,747709.27,8940382.093,127.726,129.882,111.82350000000001,40.83398898505112,2.235805864533404,4.086901977891659,-3.7021922267165106
688981.SH,2025-11-04,121.0,122.66,119.0,119.88,120.21,-0.33,-0.2745,477384.17,5770504.489,125.16400000000002,129.075,112.26366666666667,36.592797783933506,1.43905990676636,3.5573335636665995,-4.236547313800479
688981.SH,2025-11-05,116.9,121.1,116.5,119.78,119.88,-0.1,-0.0834,485016.0,5753269.424,122.52000000000001,128.05749999999998,112.72366666666667,38.921626399528584,0.790451992199408,3.0039572493731614,-4.427010514347507
688981.SH,2025-11-06,121.9,125.99,121.05,124.85,119.78,5.07,4.2328,731507.65,9060521.121,121.78,127.3545,113.26833333333333,54.25942416147223,0.6777198426988065,2.5387097680382906,-3.7219798506789683
688981.SH,2025-11-07,122.93,124.18,122.05,122.11,124.85,-2.74,-2.1946,382292.14,4694221.497,121.36600000000001,127.0625,113.7975,49.273337059809954,0.3630981319197275,2.1035874408145783,-3.4809786177897015
688981.SH,2025-11-10,122.13,122.95,118.76,120.01,122.11,-2.1,-1.7198,395832.71,4749065.264,121.326,126.23949999999999,114.306,39.22569027611045,-0.05505959740199273,1.6718580331712642,-3.453835261146514
688981.SH,2025-11-11,120.6,121.47,117.53,117.73,120.01,-2.28,-1.8998,342530.08,4073862.296,120.896,125.766,114.79666666666667,37.10959681998864,-0.5639289340796836,1.2247006397210747,-3.5772591476015165
688981.SH,2025-11-12,117.0,119.8,115.74,119.63,117.73,1.9,1.6139,457015.52,5405408.039,120.86600000000001,125.26950000000002,115.28933333333335,37.833286556272775,-0.8046222441937658,0.8188360629381066,-3.246916614263745
688981.SH,2025-11-13,118.99,123.33,117.8,123.1,119.63,3.47,2.9006,549888.53,6638319.087,120.51599999999999,125.0595,115.841,33.56328734253147,-0.7072210228393487,0.5136246457826156,-2.4416913372439284
688981.SH,2025-11-14,123.0,125.5,117.89,118.18,123.1,-4.92,-3.9968,775293.52,9432871.553,119.72999999999999,124.86949999999999,116.29766666666666,28.424114225277606,-1.0153286582700503,0.20783398497208241,-2.4463252864842655
688981.SH,2025-11-17,116.82,119.29,116.51,117.63,118.18,-0.55,-0.4654,421773.41,4961789.944,119.25399999999999,124.61949999999999,116.74833333333332,29.403719912472624,-1.2890274762483074,-0.09153830727199556,-2.3949783379526237
688981.SH,2025-11-18,117.5,120.18,117.13,117.96,117.63,0.33,0.2805,473915.08,5629538.134,119.3,124.15800000000002,117.27,29.44231820667028,-1.4624493139663315,-0.3657205086108628,-2.1934576107109374
688981.SH,2025-11-19,117.99,118.49,115.51,116.28,117.96,-1.68,-1.4242,415119.56,4848790.041,118.63,123.63149999999999,117.75866666666666,31.854480922803873,-1.7156721291133152,-0.6357108327113533,-2.159922592803924
688981.SH,2025-11-20,117.99,118.29,116.46,116.78,116.28,0.5,0.43,344702.85,4045624.435,117.36600000000001,123.05550000000001,118.22966666666666,37.64195056780225,-1.854628213583311,-0.8794943088857449,-1.9502678093951322
688981.SH,2025-11-21,113.86,116.08,113.0,113.0,116.78,-3.78,-3.2369,461358.62,5264860.634,116.33,122.00250000000001,118.63533333333334,37.882352941176464,-2.243900038013251,-1.1523754547112461,-2.18304916660401
688981.SH,2025-11-24,112.99,113.5,108.18,111.51,113.0,-1.49,-1.3186,557908.63,6159093.355,115.106,120.853,119.00283333333333,36.46069233257845,-2.6421739740992507,-1.450335158588847,-2.383677631020807
688981.SH,2025-11-25,112.5,113.96,111.37,111.68,111.51,0.17,0.1525,407223.82,4584278.768,113.85,119.80250000000001,119.3335,36.927049709489985,-2.910540459931866,-1.742376218857451,-2.33632848214883
688981.SH,2025-11-26,110.7,113.9,110.61,112.71,111.68,1.03,0.9223,419553.57,4731195.304,113.136,118.78800000000001,119.6735,27.468448403860393,-3.005465308263041,-1.994994036738569,-2.020942543048944
688981.SH,2025-11-27,113.8,116.8,112.56,112.71,112.71,0.0,0.0,523431.12,6012840.143,112.322,117.99600000000001,120.06283333333334,30.578512396694165,-3.045586311277347,-2.2051124916463247,-1.6809476392620448
688981.SH,2025-11-28,112.71,114.11,111.4,113.6,112.71,0.89,0.7896,308663.84,3486790.036,112.44200000000001,117.46700000000001,120.41816666666665,36.05915615484989,-2.9713154582398147,-2.3583530849650227,-1.225924746549584
688981.SH,2025-12-01,113.4,114.68,112.6,114.4,113.6,0.8,0.7042,327640.04,3724984.486,113.02000000000001,117.1765,120.80733333333335,42.25941422594141,-2.8154472348259105,-2.4497719149372004,-0.7313506397774203
688981.SH,2025-12-02,114.1,114.19,112.7,113.0,114.4,-1.4,-1.2238,237771.82,2694922.636,113.28399999999999,116.83250000000001,120.95783333333334,34.221799143265116,-2.7729242992756866,-2.514402391804898,-0.5170438149415775
688981.SH,2025-12-03,112.8,113.69,111.13,111.62,113.0,-1.38,-1.2212,245413.59,2756774.41,113.06599999999999,116.42450000000001,121.09866666666667,19.661733615222005,-2.8180938022004227,-2.575140673884003,-0.4859062566328394
688981.SH,2025-12-04,111.65,114.73,110.98,114.73,111.62,3.11,2.7862,387551.96,4392462.735,113.47,115.9185,121.32866666666665,39.91817650496785,-2.573276816717538,-2.57476790245071,0.0029821714663444965
688981.SH,2025-12-05,114.0,114.88,112.5,114.18,114.73,-0.55,-0.4794,352653.66,4015690.336,113.58599999999998,115.522,121.53983333333333,39.91817650496788,-2.3960181891543897,-2.539017959791446,0.285999541274113
688981.SH,2025-12-08,114.21,118.0,114.18,117.2,114.18,3.02,2.6449,508359.77,5945081.548,114.146,115.3815,121.50616666666666,48.0808080808081,-1.9889236155461703,-2.428999090942391,0.8801509507924417
688981.SH,2025-12-09,115.58,117.9,115.51,116.32,117.2,-0.88,-0.7509,371384.45,4333826.426,114.80999999999999,115.31099999999999,121.53216666666667,50.10526315789472,-1.717508509550612,-2.2867009746640354,1.138384930226847
688981.SH,2025-12-10,115.58,116.59,113.44,116.31,116.32,-0.01,-0.0086,315714.73,3624511.935,115.748,115.14499999999998,121.75416666666666,48.730415991356026,-1.486086320983702,-2.1265780439279687,1.2809834458885332
688981.SH,2025-12-11,116.53,117.14,113.5,113.61,116.31,-2.7,-2.3214,303108.96,3488207.042,115.524,114.67049999999999,121.91583333333334,51.749856569133684,-1.5032217992177976,-2.0019067949859344,0.9973699915362735
688981.SH,2025-12-12,113.61,117.42,111.6,116.8,113.61,3.19,2.8079,584998.04,6734945.965,116.048,114.60150000000002,122.02449999999999,63.82645060115001,-1.2450433642249408,-1.8505341088337357,1.2109814892175899
688981.SH,2025-12-15,115.15,116.5,113.0,113.01,116.8,-3.79,-3.2449,342417.46,3933791.146,115.21,114.37049999999999,122.10099999999998,52.92307692307691,-1.3309144665612962,-1.746610180379248,0.8313914276359036
688981.SH,2025-12-16,112.5,113.35,110.27,110.7,113.01,-2.31,-2.0441,323379.53,3605859.884,114.08600000000001,114.00750000000001,122.13499999999999,45.817727840199765,-1.5672987835876597,-1.7107479010209303,0.2868982348665412
688981.SH,2025-12-17,110.82,113.9,110.13,113.29,110.7,2.59,2.3397,343892.72,3848931.232,113.482,113.85800000000002,122.1935,51.08940646130731,-1.5280295301628684,-1.674204226849318,0.29234939337289934
688981.SH,2025-12-18,112.8,115.72,112.75,112.8,113.29,-0.49,-0.4325,314700.29,3583327.202,113.32000000000001,113.65899999999999,122.11699999999999,48.4744469870328,-1.5189378982185247,-1.6431509611231594,0.24842612580926948
688981.SH,2025-12-19,113.2,115.48,113.0,113.63,112.8,0.83,0.7358,272612.5,3107493.842,112.686,113.6905,121.975,48.53333333333331,-1.4282941649490937,-1.6001796018883463,0.34377087387850525
688981.SH,2025-12-22,114.6,121.44,114.6,120.45,113.63,6.82,6.0019,810113.69,9622360.396,114.174,114.1375,121.96016666666667,61.76191979791601,-0.7969545543824523,-1.4395345923871676,1.2851600760094306
688981.SH,2025-12-23,120.5,121.58,119.02,119.9,120.45,-0.55,-0.4566,483601.42,5823920.043,116.01400000000001,114.54849999999999,121.80983333333333,63.42412451361867,-0.33710779904525623,-1.2190492337187855,1.7638828693470585
688981.SH,2025-12-24,122.5,124.38,121.11,123.41,119.9,3.51,2.9274,629560.98,7744549.16,118.03799999999998,115.0835,121.72483333333334,63.89244558258642,0.30701268219095823,-0.9138368505368368,2.44169906545559
688981.SH,2025-12-25,123.0,125.99,122.66,123.08,123.41,-0.33,-0.2674,471809.58,5854142.202,120.09400000000001,115.602,121.5265,64.34558349451964,0.7818419745305363,-0.5747010855233622,2.713086120107797
688981.SH,2025-12-26,122.58,124.79,121.16,122.1,123.08,-0.98,-0.7962,402397.99,4938389.58,121.78800000000001,116.027,121.32633333333334,58.454106280193216,1.0667727081352893,-0.24640632679163188,2.6263580698538425
688981.SH,2025-12-29,123.0,125.65,122.02,122.5,122.1,0.4,0.3276,506831.61,6280270.177,122.19800000000001,116.43199999999999,121.16349999999998,60.842105263157904,1.30976091585255,0.06482712173720448,2.489867588230691
688981.SH,2025-12-30,124.45,126.69,124.0,125.28,122.5,2.78,2.2694,604958.31,7582347.029,123.274,117.046,120.98450000000001,64.3428205948193,1.7069766237124924,0.3932570221322621,2.6274392031604608
688981.SH,2025-12-31,125.99,126.2,122.4,122.83,125.28,-2.45,-1.9556,411586.85,5082728.445,123.15799999999999,117.60650000000001,120.69616666666667,64.86137975499676,1.8032911911388112,0.675263855933572,2.2560546704104785
688981.SH,2026-01-05,126.84,130.17,126.2,129.95,122.83,7.12,5.7966,911394.04,11742866.839,124.532,118.36749999999999,120.54683333333334,68.81258941344777,2.4261782033259323,1.025446725412044,2.8014629558277764
688981.SH,2026-01-06,129.0,134.2,128.77,131.84,129.95,1.89,1.4544,730696.95,9623978.218,126.47999999999999,119.25050000000002,120.61166666666666,78.48714069591526,3.0373155695315006,1.4278204942359354,3.2189901505911305
688981.SH,2026-01-07,131.84,132.82,128.85,129.98,131.84,-1.86,-1.4108,598040.86,7783876.099,127.97599999999997,119.8895,120.5035,79.57055214723921,3.3331375451110006,1.8088839044109486,3.048507281400104
688981.SH,2026-01-08,128.95,134.68,128.91,130.15,129.98,0.17,0.1308,616918.81,8145423.327,128.95,120.58099999999999,120.55266666666667,77.93240556660035,3.5404836793101992,2.1552038593907987,2.770559639838801
688981.SH,2026-01-09,129.15,130.01,127.77,128.88,130.15,-1.27,-0.9758,511274.88,6581947.276,130.16,121.2095,120.54133333333334,75.96899224806197,3.5612764205852443,2.436418371629688,2.2497160979111124
688981.SH,2026-01-12,128.52,129.62,126.68,127.66,128.88,-1.22,-0.9466,563935.64,7202156.993,129.702,121.91199999999999,120.54733333333334,72.37639553429024,3.439660745851043,2.6370668464739593,1.6051877987541676
688981.SH,2026-01-13,127.49,128.15,122.86,123.63,127.66,-4.03,-3.1568,652072.8,8154109.676,128.06,122.25349999999999,120.57483333333334,55.56722689075628,2.98369791526612,2.706393060232392,0.5546097100674565
688981.SH,2026-01-14,123.51,127.6,123.5,124.49,123.63,0.86,0.6956,649683.91,8155390.623,126.96199999999999,122.82750000000001,120.60583333333334,57.94942847246273,2.661063812497119,2.697327210685337,-0.07252679637643666
688981.SH,2026-01-15,123.49,125.5,122.33,124.44,124.49,-0.05,-0.0402,556604.23,6895087.6,125.82000000000001,123.5145,120.55999999999999,52.026761117670205,2.3739736885328426,2.6326565062548384,-0.5173656354439915
688981.SH,2026-01-16,127.5,128.82,124.88,126.99,124.44,2.55,2.0492,756512.57,9597582.828,125.44200000000001,124.19949999999999,120.56300000000002,57.07564241766194,2.325410500942212,2.5712073051923134,-0.49159360850020306
688981.SH,2026-01-19,127.05,128.5,125.12,125.29,126.99,-1.7,-1.3387,477537.02,6024303.737,124.968,124.824,120.51283333333335,55.62610229276898,2.1252494793148884,2.482015740016829,-0.7135325214038808
688981.SH,2026-01-20,125.0,125.5,121.81,122.18,125.29,-3.11,-2.4822,508693.59,6261665.024,124.678,125.25150000000001,120.31483333333333,49.48486799742435,1.6961176306973016,2.3248361181529233,-1.2574369749112435
688981.SH,2026-01-21,120.93,128.89,120.58,127.19,122.18,5.01,4.1005,970525.21,12294760.582,125.218,125.5885,120.193,52.86872934815259,1.740232363196938,2.2079153671617266,-0.9353660079295771
688981.SH,2026-01-22,128.98,130.82,125.57,126.8,127.19,-0.39,-0.3066,648094.63,8268996.067,125.69000000000001,125.93350000000001,120.09483333333334,56.3560678834454,1.7238523688511123,2.1111027674996037,-0.7745007972969828
688981.SH,2026-01-23,126.8,127.37,124.03,124.96,126.8,-1.84,-1.4511,490631.04,6130483.631,125.28399999999999,126.011,119.96083333333333,40.38535645472064,1.544593371926581,1.9978008883849994,-0.9064150329168368
688981.SH,2026-01-26,124.01,125.88,121.9,121.92,124.96,-3.04,-2.4328,502566.5,6184618.809,124.60999999999999,125.953,119.85033333333332,31.69741697416974,1.1440389626902459,1.8270485032460488,-1.366019081111606
688981.SH,2026-01-27,122.0,125.74,119.22,124.05,121.92,2.13,1.747,655261.57,8023170.134,124.984,126.05049999999999,119.84816666666666,39.16697113628061,0.9870913319473686,1.6590570689863129,-1.3439314740778885
688981.SH,2026-01-28,124.99,128.99,124.99,128.55,124.05,4.5,3.6276,994583.26,12644229.527,125.256,126.353,119.98716666666665,47.47634069400632,1.211852118893006,1.5696160789676517,-0.7155279201492912
688981.SH,2026-01-29,127.6,127.81,122.16,122.4,128.55,-6.15,-4.7841,715649.35,8897091.559,124.376,126.20899999999999,120.02916666666667,41.14270092946967,0.8835381813843952,1.4324004994510005,-1.0977246361332105
688981.SH,2026-01-30,121.33,124.94,120.07,122.97,122.4,0.57,0.4657,527719.06,6468951.529,123.97800000000002,126.21599999999998,120.08233333333332,43.473420539938765,0.6617134362550416,1.2782630868118088,-1.2330993011135343
688981.SH,2026-02-02,121.4,122.59,116.8,117.06,122.97,-5.91,-4.8061,596690.81,7104970.929,123.006,125.57149999999999,119.95250000000001,41.31182226924094,0.008925234957061434,1.0243955164408594,-2.030940562967596
688981.SH,2026-02-03,118.69,118.84,113.46,116.03,117.06,-1.03,-0.8799,561769.52,6500024.016,121.402,124.78099999999999,119.85116666666666,38.862559241706165,-0.5847854667431562,0.7025593198040563,-2.574689573094425
688981.SH,2026-02-04,114.5,114.99,113.15,114.84,116.03,-1.19,-1.0256,351393.47,4005035.637,118.66,124.024,119.76500000000001,37.73006134969325,-1.1382079770012439,0.33440586044299625,-2.9452276748884803
688981.SH,2026-02-05,112.99,114.5,110.39,111.8,114.84,-3.04,-2.6472,446447.65,4982588.635,116.54,123.10650000000001,119.66616666666667,30.825549103761674,-1.8013372032490196,-0.09274275229540692,-3.4171889019072252
688981.SH,2026-02-06,110.14,114.6,110.14,112.7,111.8,0.9,0.805,408226.91,4597784.625,114.48600000000002,122.29750000000001,119.55066666666667,33.77995362020097,-2.228559962238023,-0.5199061942839303,-3.417307535908186
688981.SH,2026-02-09,114.8,115.07,113.7,114.93,112.7,2.23,1.9787,321018.1,3676020.764,114.05999999999999,121.66099999999999,119.41450000000002,40.44292117057738,-2.35999021543752,-0.8879229985146483,-2.9441344338457434
688981.SH,2026-02-10,115.2,116.9,114.85,116.2,114.93,1.27,1.105,340436.51,3949080.646,114.09400000000001,121.2895,119.3815,33.928049137174625,-2.334757619335278,-1.1772899226787743,-2.3149353933130072
688981.SH,2026-02-11,114.0,116.14,113.5,115.01,116.2,-1.19,-1.0241,345336.73,3955491.126,114.128,120.8155,119.33783333333332,33.15232923692486,-2.383310341826842,-1.418494006508388,-1.9296326706369085
688981.SH,2026-02-12,115.55,117.18,115.11,116.58,115.01,1.57,1.3651,333622.54,3880738.366,115.08399999999999,120.42249999999999,119.31483333333334,37.93202764976959,-2.2689478270629593,-1.5885847706193024,-1.3607261128873138
688981.SH,2026-02-13,116.23,117.98,115.56,116.93,116.58,0.35,0.3002,343687.4,4020570.46,115.92999999999999,119.9195,119.32566666666666,42.21042772400875,-2.125570382993658,-1.6959818930941735,-0.8591769797989688
688981.SH,2026-02-24,118.03,118.18,115.62,115.82,116.93,-1.11,-0.9493,276155.68,3217730.655,116.10799999999999,119.446,119.30966666666669,36.730087068687524,-2.0775616119081093,-1.7722978368569606,-0.6105275501022973
688981.SH,2026-02-25,117.0,117.5,115.85,116.13,115.82,0.31,0.2677,275528.56,3214693.555,116.09400000000001,119.14349999999999,119.36183333333334,26.84563758389261,-1.9915426418335755,-1.8161467978522838,-0.3507916879625834
688981.SH,2026-02-26,116.13,117.23,114.29,116.65,116.13,0.52,0.4478,327021.83,3787597.479,116.422,118.61650000000002,119.4475,36.43227937706467,-1.8599717377371974,-1.8249117858292667,-0.0701199038158613
688981.SH,2026-02-27,115.03,115.87,114.32,115.0,116.65,-1.65,-1.4145,279308.78,3213704.146,116.106,118.02650000000001,119.50283333333333,32.105972159856336,-1.8673167930720922,-1.833392787277832,-0.0678480115885205
688981.SH,2026-03-02,112.88,114.2,112.3,112.53,115.0,-2.47,-2.1478,349784.75,3952733.063,115.226,117.405,119.49983333333333,37.97132235793948,-2.0488285396384924,-1.8764799377499641,-0.3446972037770566
688981.SH,2026-03-03,113.23,114.75,107.69,108.31,112.53,-4.22,-3.7501,540987.0,5976584.863,113.724,116.72449999999999,119.4265,32.47048138056316,-2.5043283007416335,-2.002049610348298,-1.0045573807866708
688981.SH,2026-03-04,107.32,109.7,106.12,106.69,108.31,-1.62,-1.4957,322749.58,3470640.119,111.83599999999998,115.85650000000001,119.31133333333334,31.848552338530098,-2.9618927483211195,-2.1940182379428625,-1.5357490207565139
688981.SH,2026-03-05,108.6,109.26,106.09,106.9,106.69,0.21,0.1968,353531.81,3803229.096,109.88600000000001,114.774,119.18633333333334,37.51274209989812,-3.269877512113368,-2.4091900927769636,-1.7213748386728085
688981.SH,2026-03-06,107.0,108.34,106.17,106.5,106.9,-0.4,-0.3742,340486.16,3648254.394,108.186,113.979,119.078,33.78661087866112,-3.5058213867413173,-2.6285163515698344,-1.7546100703429657
688981.SH,2026-03-09,103.97,105.79,101.63,105.14,106.5,-1.36,-1.277,393559.67,4065897.45,106.708,113.0875,118.97,23.178082191780874,-3.759215346786121,-2.854656150613092,-1.8091183923460576
688981.SH,2026-03-10,106.9,107.75,105.7,107.28,105.14,2.14,2.0354,318321.9,3400130.457,106.502,112.59850000000002,118.84583333333333,26.67364016736407,-3.744191066515967,-3.0325631337936674,-1.4232558654445988
688981.SH,2026-03-11,107.23,108.8,107.0,107.1,107.28,-0.18,-0.1678,279982.97,3016803.608,106.58399999999999,112.152,118.72783333333334,28.161236885698543,-3.704110037056253,-3.166872514446185,-1.0744750452201366
688981.SH,2026-03-12,107.0,108.55,104.95,106.01,107.1,-1.09,-1.0177,288819.77,3075181.737,106.40599999999999,111.7105,118.54133333333334,20.02268859897913,-3.717447007854986,-3.2769874131279453,-0.8809191894540813
688981.SH,2026-03-13,105.02,107.83,104.5,107.06,106.01,1.05,0.9905,341633.26,3642164.903,106.518,111.47350000000002,118.38699999999999,23.076923076923123,-3.6017714492744517,-3.341944220357247,-0.5196544578344096
688981.SH,2026-03-16,106.31,110.32,105.5,108.6,107.06,1.54,1.4384,422554.97,4559220.659,107.21000000000001,111.26849999999999,118.2585,30.756929637526667,-3.347247619055807,-3.3430049000969593,-0.008485437917695293
688981.SH,2026-03-17,108.54,108.58,105.99,106.02,108.6,-2.58,-2.3757,295718.04,3173439.587,106.958,110.82300000000001,118.13199999999999,25.96291012838803,-3.315501055561924,-3.3375041311899527,0.044006151256057
688981.SH,2026-03-18,105.78,106.88,105.25,106.6,106.02,0.58,0.5471,263345.92,2794678.901,106.85799999999999,110.343,117.962,26.173541963015623,-3.2065770977754227,-3.311318724507047,0.20948325346324825
688981.SH,2026-03-19,105.01,107.69,104.51,105.96,106.6,-0.64,-0.6004,378655.95,4001785.717,106.848,109.8905,117.8445,27.490039840637422,-3.135749756515054,-3.2762049309086483,0.2809103487871889
688981.SH,2026-03-20,105.2,105.72,102.18,102.18,105.96,-3.78,-3.5674,381294.75,3960183.826,105.872,109.17049999999999,117.70250000000001,25.80645161290323,-3.346061671407753,-3.2901762790084694,-0.11177078479856739
688981.SH,2026-03-23,100.01,101.99,97.4,98.04,102.18,-4.14,-4.0517,506671.26,5040929.175,103.75999999999999,108.22600000000003,117.44833333333334,25.903331769122488,-3.8029606170198917,-3.392733146610754,-0.8204549408182755
688981.SH,2026-03-24,98.9,99.37,97.25,99.25,98.04,1.21,1.2342,336803.26,3314641.85,102.40599999999999,107.3975,117.22250000000001,32.20095693779902,-4.021067077348263,-3.518399932758256,-1.0053342891800146
688981.SH,2026-03-25,99.67,100.94,99.28,99.99,99.25,0.74,0.7456,321306.43,3215491.219,101.084,106.59049999999999,116.99516666666666,33.87774148390102,-4.087092741966245,-3.632138494599854,-0.9099084947327825
688981.SH,2026-03-26,99.55,99.7,96.55,96.88,99.99,-3.11,-3.1103,313198.89,3067688.006,99.268,105.602,116.60233333333333,30.07456503728247,-4.340336863909485,-3.77377816846178,-1.1331173908954097
688981.SH,2026-03-27,96.0,98.39,95.87,97.5,96.88,0.62,0.64,280875.27,2738255.865,98.33200000000001,104.727,116.229,33.675213675213655,-4.439826282937275,-3.9069877913568796,-1.0656769831607917
688981.SH,2026-03-30,95.8,96.19,94.0,95.83,97.5,-1.67,-1.7128,328870.03,3130020.525,97.89,103.89200000000001,115.76933333333334,25.032708242477057,-4.600396895760326,-4.045669612237569,-1.109454567045514
688981.SH,2026-03-31,95.8,97.4,94.0,94.05,95.83,-1.78,-1.8575,293839.03,2809492.923,96.85,103.179,115.2855,23.399918467183,-4.815768208989098,-4.199689331587876,-1.2321577548024454
688981.SH,2026-04-01,96.4,96.7,94.81,96.33,94.05,2.28,2.4242,325648.08,3121615.312,96.118,102.66100000000002,114.85600000000001,31.181959564541174,-4.747745526088693,-4.309300570488039,-0.8768899112013067
688981.SH,2026-04-02,95.5,95.79,92.51,93.2,96.33,-3.13,-3.2492,293828.32,2760191.974,95.38199999999999,101.976,114.36766666666668,25.07194244604314,-4.890032648875106,-4.425446986165453,-0.9291713254193059
688981.SH,2026-04-03,93.41,93.94,91.76,91.78,93.2,-1.42,-1.5236,216461.63,2004261.621,94.238,101.24,113.80933333333333,19.617052023121374,-5.059060649361612,-4.552169718804685,-1.0137818611138538
688981.SH,2026-04-07,91.5,96.99,91.2,95.62,91.78,3.84,4.1839,458242.31,4340589.11,94.196,100.764,113.35583333333332,32.03178991015895,-4.8275120953341,-4.607238194110568,-0.44054780244706393
688981.SH,2026-04-08,99.02,101.54,99.02,101.18,95.62,5.56,5.8147,544697.12,5458085.866,95.622,100.45899999999999,112.87633333333333,42.01061320754719,-4.147552264169136,-4.515301008122282,0.7354974879062937
688981.SH,2026-04-09,99.4,101.2,99.2,99.72,101.18,-1.46,-1.443,310716.53,3111335.889,96.3,100.09,112.341,41.01899827288428,-3.684021886314312,-4.349045183760689,1.3300465948927531
688981.SH,2026-04-10,101.0,102.79,100.68,101.01,99.72,1.29,1.2936,406305.14,4130861.809,97.86200000000001,99.84,111.85816666666668,48.18604651162791,-3.175967922054099,-4.114429731419371,1.8769236187305438
688981.SH,2026-04-13,99.85,102.8,99.72,100.64,101.01,-0.37,-0.3663,351885.22,3554994.262,99.634,99.519,111.36633333333333,54.56460674157302,-2.7712422472399254,-3.845792234583482,2.149099974687113
688981.SH,2026-04-14,102.1,102.28,100.38,101.52,100.64,0.88,0.8744,370910.59,3760621.304,100.814,99.16499999999999,110.91033333333333,54.03197158081704,-2.3523689436420483,-3.547107576395195,2.3894772655062937
688981.SH,2026-04-15,102.05,106.1,101.8,103.91,101.52,2.39,2.3542,704839.0,7336887.912,101.35999999999999,99.0595,110.5145,56.57718120805369,-1.806728959983971,-3.1990318531129507,2.784605786257959
688981.SH,2026-04-16,103.5,105.0,103.0,104.18,103.91,0.27,0.2598,393721.35,4092706.42,102.252,98.9385,110.19033333333333,63.538575667655785,-1.337105280935802,-2.826646538677521,2.979082515483438
688981.SH,2026-04-17,103.82,107.3,103.27,105.23,104.18,1.05,1.0079,503755.27,5313222.52,103.096,98.902,109.86933333333333,64.11098941219423,-0.8701681502748642,-2.43535086099699,3.1303654214442513
688981.SH,2026-04-20,105.93,108.6,105.01,107.96,105.23,2.73,2.5943,547702.62,5872447.693,104.55999999999999,99.191,109.59466666666667,71.31810193321616,-0.2766399920615896,-2.0036086872099097,3.45393739029664
688981.SH,2026-04-21,107.33,108.15,105.68,107.46,107.96,-0.5,-0.4631,372584.25,3976054.595,105.748,99.662,109.26916666666666,74.67795362532203,0.1516414993255779,-1.5725586499028124,3.4484002984567805
688981.SH,2026-04-22,106.8,108.08,106.5,107.87,107.46,0.41,0.3815,375216.74,4023321.89,106.54,100.09299999999999,108.97883333333333,72.80632411067192,0.5181681207904489,-1.1544132957641602,3.3451628331092182
688981.SH,2026-04-23,108.88,109.12,105.2,105.98,107.87,-1.89,-1.7521,441491.01,4724880.091,106.9,100.3925,108.70883333333335,76.55860349127178,0.6486585721285536,-0.7937989221856175,2.884914988628342
688981.SH,2026-04-24,105.58,113.25,104.61,110.96,105.98,4.98,4.699,910703.63,9980491.748,108.046,101.0965,108.43833333333333,84.72121650977549,1.140767517511648,-0.4068856342461644,3.095306303515625
688981.SH,2026-04-27,113.25,117.69,112.6,116.58,110.96,5.62,5.0649,970295.86,11249548.325,109.76999999999998,102.05050000000001,108.268,85.64625850340133,1.961641847740438,0.06681986215115608,3.789643971178564
688981.SH,2026-04-28,115.24,117.64,113.02,114.0,116.58,-2.58,-2.2131,625007.3,7209850.228,111.078,102.95899999999999,108.08533333333335,74.26192278576832,2.3766101480878916,0.5287779193385033,3.6956644574987765
688981.SH,2026-04-29,113.35,113.82,109.78,112.47,114.0,-1.53,-1.3421,514882.54,5750212.698,111.998,103.88,107.92783333333334,74.06568516421291,2.5525926039374554,0.9335408562582936,3.2381034953583234
688981.SH,2026-04-30,113.31,119.88,113.3,118.73,112.47,6.26,5.5659,1018382.85,11911527.206,114.548,105.0,107.83916666666667,78.16274634456451,3.160754441381556,1.3789835732829463,3.5635417361972195
688981.SH,2026-05-06,122.0,128.12,121.74,123.1,118.73,4.37,3.6806,1292940.51,16176667.799,116.976,106.495,107.74833333333332,81.66948674562887,3.9498185084231636,1.89315056031099,4.113335896224347
688981.SH,2026-05-07,125.11,127.48,122.22,125.34,123.1,2.24,1.8197,842774.03,10482928.52,118.728,108.173,107.79733333333334,82.34655078761543,4.701708378516457,2.4548621239520836,4.493692509128747
688981.SH,2026-05-08,122.9,123.19,120.05,120.31,125.34,-5.03,-4.0131,708618.1,8595731.864,119.99000000000001,109.4075,107.753,70.78053725291434,4.835961600059463,2.9310820191735596,3.8097591617718063
688981.SH,2026-05-11,122.99,124.57,121.9,122.52,120.31,2.21,1.8369,814859.72,10017304.327,122.0,110.47449999999999,107.844,72.14975845410628,5.062331370783355,3.357331889495519,3.4099989625756715
688981.SH,2026-05-12,124.44,125.44,120.0,121.98,122.52,-0.54,-0.4407,817732.34,10018643.228,122.65,111.5875,107.94316666666667,70.48178038640255,5.138919295187733,3.713649370633962,2.850539849107543
688981.SH,2026-05-13,119.0,122.5,116.04,121.86,121.98,-0.12,-0.0984,954951.48,11374279.337,122.402,112.63,108.06016666666666,68.15569487983282,5.130788246841448,3.9970771458754593,2.2674222019319767
688981.SH,2026-05-14,121.92,124.04,117.0,117.9,121.86,-3.96,-3.2496,790650.15,9451219.953,120.91400000000002,113.49300000000001,108.16183333333333,62.50598945855297,4.750049810138904,4.147671678728148,1.2047562628215118
688981.SH,2026-05-15,121.0,125.0,118.48,119.02,117.9,1.12,0.95,1328100.54,16152497.227,120.65599999999999,114.36800000000001,108.26716666666667,63.13309776207303,4.486963572720796,4.215530057526678,0.542867030388237
688981.SH,2026-05-18,117.4,120.34,115.6,117.62,119.02,-1.4,-1.1763,748969.19,8855418.364,119.676,115.05350000000001,108.312,63.87035271687323,4.118027477048813,4.196029541431105,-0.15600412876458414
688981.SH,2026-05-19,116.16,118.88,112.68,118.82,117.62,1.2,1.0202,840269.78,9713877.346,119.04400000000001,115.7855,108.35566666666666,60.2933473022525,3.8777723881086814,4.13237811076662,-0.5092114453158771
688981.SH,2026-05-20,118.0,136.63,117.5,133.81,118.82,14.99,12.6157,2248800.56,28996720.135,121.43400000000001,117.2145,108.66900000000001,68.11777076761305,4.841130681524717,4.27412862491824,1.1340041132129546
688981.SH,2026-05-21,134.0,137.63,127.1,127.22,133.81,-6.59,-4.9249,1546776.71,20601829.525,123.298,118.17749999999998,108.84633333333333,62.820015515903805,5.015030989112489,4.42230909775709,1.1854437827107986
688981.SH,2026-05-22,129.33,132.18,126.5,131.33,127.22,4.11,3.2306,1199477.88,15516843.653,125.75999999999999,119.37100000000001,109.08633333333334,67.41780568895459,5.421989566406467,4.622245191486965,1.5994887498390025
688981.SH,2026-05-25,136.0,157.6,136.0,156.0,131.33,24.67,18.7847,2521802.26,37253708.024,133.436,121.77749999999999,109.756,75.68573397656789,7.647019909683436,5.22720013512626,4.839639549114352
688981.SH,2026-05-26,150.73,154.44,145.5,149.18,156.0,-6.82,-4.3718,1799242.41,26787296.677,139.508,123.9375,110.30683333333334,67.38666666666668,8.759086191057904,5.933577346312589,5.651017689490629
688981.SH,2026-05-27,150.0,153.52,145.0,146.22,149.18,-2.96,-1.9842,1234983.75,18473692.356,141.99,125.70049999999999,110.79966666666665,63.787638668779714,9.294419189957452,6.605745715041562,5.3773469498317805
688981.SH,2026-05-28,146.0,159.05,146.0,153.7,146.22,7.48,5.1156,1608231.75,24822318.598,147.286,127.5565,111.44466666666668,71.35729819623897,10.204615480377825,7.325519668108814,5.758191624538021
688981.SH,2026-05-29,150.92,152.38,138.49,139.91,153.7,-13.79,-8.972,1536812.64,22138462.395,149.002,128.852,111.90100000000001,59.68802228412257,9.701383337768391,7.80069240204073,3.8013818714553214
688981.SH,2026-06-01,139.76,140.8,132.04,132.44,139.91,-7.47,-5.3391,1008849.14,13645017.172,144.29,129.8505,112.30316666666666,55.40959867604468,8.600658629595557,7.9606856475516965,1.2799459640877213
688981.SH,2026-06-02,132.98,135.5,129.3,132.48,132.44,0.04,0.0302,923688.2,12256037.221,140.95,130.538,112.733,55.49689440993788,7.643445155903493,7.897237549222056,-0.5075847866371266
688981.SH,2026-06-03,132.0,138.75,131.85,134.0,132.48,1.52,1.1473,992127.45,13487781.965,138.506,131.08300000000003,113.18466666666667,58.54927782497875,6.92764035280112,7.703318109937869,-1.5513555142734976
688981.SH,2026-06-04,131.0,137.57,130.0,134.88,134.0,0.88,0.6567,778526.88,10493292.686,134.74200000000002,131.56,113.65766666666666,58.44335604770017,6.358076585666197,7.4342698050835345,-2.152386438834675
688981.SH,2026-06-05,131.0,134.75,126.7,127.4,134.88,-7.48,-5.5457,934574.33,12150117.807,132.23999999999998,131.9145,114.02866666666667,54.89,5.2426852970486095,6.9959529034765495,-3.50653521285588
688981.SH,2026-06-08,120.0,124.28,120.0,121.92,127.4,-5.48,-4.3014,781225.59,9545783.582,130.136,131.8845,114.27266666666668,51.486382815496746,3.871906534775036,6.371143629736247,-4.9984741899224225
688981.SH,2026-06-09,123.5,128.03,120.89,127.3,121.92,5.38,4.4127,769662.77,9607775.526,129.1,132.15050000000002,114.60933333333334,46.561740783775214,3.1829840682099757,5.733511717430993,-5.101055298442034
688981.SH,2026-06-10,125.0,131.18,124.5,125.34,127.3,-1.96,-1.5397,669094.14,8511488.618,127.36799999999998,132.3245,114.93149999999999,48.956019546868056,2.4506033998959538,5.076930053923985,-5.252653308056063
688981.SH,2026-06-11,124.0,129.08,123.01,127.4,125.34,2.06,1.6435,626275.99,7935636.355,125.872,132.7995,115.27050000000001,47.76679168087282,2.0132042620442405,4.464184895548036,-4.901961267007591
688981.SH,2026-06-12,131.64,134.87,124.37,124.88,127.4,-2.52,-1.978,817437.29,10575818.607,125.36800000000001,133.0925,115.54183333333334,26.366950182260013,1.4465444900858557,3.8606568144556004,-4.828224648739489
688981.SH,2026-06-15,128.59,131.0,124.89,130.52,124.88,5.64,4.5163,728604.09,9404695.623,127.08800000000001,133.7375,115.95016666666668,35.57067738942159,1.436009973707229,3.3757274463059264,-3.879434945197395
688981.SH,2026-06-16,131.0,134.34,127.93,130.14,130.52,-0.38,-0.2911,745583.01,9738547.521,127.65599999999999,134.30349999999999,116.3425,37.048969072164944,1.3810782588953998,2.976797608823821,-3.1914386998568425
688981.SH,2026-06-17,127.91,134.88,126.68,134.7,130.14,4.56,3.5039,963562.12,12699097.858,129.528,134.348,116.8215,33.94185260311022,1.6860624907790793,2.718650585214873,-2.065176188871587
688981.SH,2026-06-18,136.11,144.63,132.88,140.7,134.7,6.0,4.4543,1244937.14,17289251.566,132.18800000000002,135.022,117.4635,50.76893128284991,2.38442834207504,2.6518061365869063,-0.5347555890237325
688981.SH,2026-06-22,140.78,148.0,140.0,145.59,140.7,4.89,3.4755,1060960.58,15251149.626,136.32999999999998,135.735,118.256,63.476122156179535,3.294493572098105,2.7803436236891463,1.0282998968179173
688981.SH,2026-06-23,143.58,148.3,139.6,141.7,145.59,-3.89,-2.6719,918201.09,13211881.994,138.56599999999997,135.02,118.9635,58.75759878419451,3.659650164599384,2.956204931871194,1.4068904654563799
688981.SH,2026-06-24,141.5,156.35,141.32,151.53,141.7,9.83,6.9372,1411623.83,21160854.009,142.844,135.1375,119.8225,64.38063986874485,4.688195641179021,3.30260307373276,2.771185134892523
688981.SH,2026-06-25,152.0,158.66,151.0,156.86,151.53,5.33,3.5175,1186102.37,18470621.628,147.276,135.6695,120.82216666666666,66.80428134556574,5.865794568514303,3.815241372689069,4.101106391650469
688981.SH,2026-06-26,153.7,156.22,146.5,148.76,156.86,-8.1,-5.1638,1076155.43,16171921.139,148.888,135.42249999999999,121.6765,66.1769160860345,6.075414302825266,4.267275958716309,3.616276688217914
688981.SH,2026-06-29,147.8,152.99,141.0,151.0,148.76,2.24,1.5058,1027401.01,15158412.01,149.97,135.977,122.596,73.1602421153233,6.349100256455529,4.683640818264153,3.3309188763827517
688981.SH,2026-06-30,152.05,160.66,150.0,158.82,151.0,7.82,5.1788,1066795.41,16679545.014,153.394,137.296,123.6755,74.16436675866294,7.114989818342963,5.169910618279915,3.8901584001260954
688981.SH,2026-07-01,160.19,166.88,152.31,154.48,158.82,-4.34,-2.7327,1146777.18,18327904.135,153.98399999999998,138.396,124.64466666666665,71.55325443786977,7.287752411635495,5.593478976951031,3.388546869368927
